value;cod
Administração Pública Federal;1015
Administração Pública Federal;1040
Administração Pública Federal;1074
Administração Pública Federal;1104
Administração Pública Federal;1139
Administração Pública Federal;1163
Administração Pública Estadual ou Distrito Federal;1023
Administração Pública Estadual ou Distrito Federal;1058
Administração Pública Estadual ou Distrito Federal;1082
Administração Pública Estadual ou Distrito Federal;1112
Administração Pública Estadual ou Distrito Federal;1147
Administração Pública Estadual ou Distrito Federal;1171
Administração Pública Municipal;1031
Administração Pública Municipal;1066
Administração Pública Municipal;1120
Administração Pública Municipal;1155
Administração Pública Municipal;1180
Administração Pública - Outros;1198
Administração Pública - Outros;1201
Administração Pública - Outros;1210
Empresa Pública ou Sociedade de Economia Mista;2011
Empresa Pública ou Sociedade de Economia Mista;2038
Demais Entidades Empresariais;2046
Demais Entidades Empresariais;2054
Demais Entidades Empresariais;2062
Demais Entidades Empresariais;2070
Demais Entidades Empresariais;2089
Demais Entidades Empresariais;2097
Demais Entidades Empresariais;2127
Demais Entidades Empresariais;2135
Demais Entidades Empresariais;2143
Demais Entidades Empresariais;2151
Demais Entidades Empresariais;2160
Demais Entidades Empresariais;2178
Demais Entidades Empresariais;2194
Demais Entidades Empresariais;2216
Demais Entidades Empresariais;2224
Demais Entidades Empresariais;2232
Demais Entidades Empresariais;2240
Demais Entidades Empresariais;2259
Demais Entidades Empresariais;2267
Demais Entidades Empresariais;2275
Demais Entidades Empresariais;2283
Demais Entidades Empresariais;2291
Demais Entidades Empresariais;2305
Demais Entidades Empresariais;2313
Entidades sem Fins Lucrativos;3000
Entidades sem Fins Lucrativos;3001
Entidades sem Fins Lucrativos;3002
Entidades sem Fins Lucrativos;3003
Entidades sem Fins Lucrativos;3004
Entidades sem Fins Lucrativos;3005
Entidades sem Fins Lucrativos;3006
Entidades sem Fins Lucrativos;3007
Entidades sem Fins Lucrativos;3008
Entidades sem Fins Lucrativos;3009
Entidades sem Fins Lucrativos;3010
Entidades sem Fins Lucrativos;3011
Entidades sem Fins Lucrativos;3012
Entidades sem Fins Lucrativos;3013
Entidades sem Fins Lucrativos;3014
Entidades sem Fins Lucrativos;3015
Entidades sem Fins Lucrativos;3016
Entidades sem Fins Lucrativos;3017
Entidades sem Fins Lucrativos;3018
Entidades sem Fins Lucrativos;3019
Entidades sem Fins Lucrativos;3020
Entidades sem Fins Lucrativos;3021
Entidades sem Fins Lucrativos;3022
Entidades sem Fins Lucrativos;3023
Entidades sem Fins Lucrativos;3024
Entidades sem Fins Lucrativos;3025
Entidades sem Fins Lucrativos;3026
Entidades sem Fins Lucrativos;3027
Entidades sem Fins Lucrativos;3028
Entidades sem Fins Lucrativos;3029
Entidades sem Fins Lucrativos;3030
Entidades sem Fins Lucrativos;3031
Entidades sem Fins Lucrativos;3032
Entidades sem Fins Lucrativos;3033
Entidades sem Fins Lucrativos;3034
Entidades sem Fins Lucrativos;3035
Entidades sem Fins Lucrativos;3036
Entidades sem Fins Lucrativos;3037
Entidades sem Fins Lucrativos;3038
Entidades sem Fins Lucrativos;3039
Entidades sem Fins Lucrativos;3040
Entidades sem Fins Lucrativos;3041
Entidades sem Fins Lucrativos;3042
Entidades sem Fins Lucrativos;3043
Entidades sem Fins Lucrativos;3044
Entidades sem Fins Lucrativos;3045
Entidades sem Fins Lucrativos;3046
Entidades sem Fins Lucrativos;3047
Entidades sem Fins Lucrativos;3048
Entidades sem Fins Lucrativos;3049
Entidades sem Fins Lucrativos;3050
Entidades sem Fins Lucrativos;3051
Entidades sem Fins Lucrativos;3052
Entidades sem Fins Lucrativos;3053
Entidades sem Fins Lucrativos;3054
Entidades sem Fins Lucrativos;3055
Entidades sem Fins Lucrativos;3056
Entidades sem Fins Lucrativos;3057
Entidades sem Fins Lucrativos;3058
Entidades sem Fins Lucrativos;3059
Entidades sem Fins Lucrativos;3060
Entidades sem Fins Lucrativos;3061
Entidades sem Fins Lucrativos;3062
Entidades sem Fins Lucrativos;3063
Entidades sem Fins Lucrativos;3064
Entidades sem Fins Lucrativos;3065
Entidades sem Fins Lucrativos;3066
Entidades sem Fins Lucrativos;3067
Entidades sem Fins Lucrativos;3068
Entidades sem Fins Lucrativos;3069
Entidades sem Fins Lucrativos;3070
Entidades sem Fins Lucrativos;3071
Entidades sem Fins Lucrativos;3072
Entidades sem Fins Lucrativos;3073
Entidades sem Fins Lucrativos;3074
Entidades sem Fins Lucrativos;3075
Entidades sem Fins Lucrativos;3076
Entidades sem Fins Lucrativos;3077
Entidades sem Fins Lucrativos;3078
Entidades sem Fins Lucrativos;3079
Entidades sem Fins Lucrativos;3080
Entidades sem Fins Lucrativos;3081
Entidades sem Fins Lucrativos;3082
Entidades sem Fins Lucrativos;3083
Entidades sem Fins Lucrativos;3084
Entidades sem Fins Lucrativos;3085
Entidades sem Fins Lucrativos;3086
Entidades sem Fins Lucrativos;3087
Entidades sem Fins Lucrativos;3088
Entidades sem Fins Lucrativos;3089
Entidades sem Fins Lucrativos;3090
Entidades sem Fins Lucrativos;3091
Entidades sem Fins Lucrativos;3092
Entidades sem Fins Lucrativos;3093
Entidades sem Fins Lucrativos;3094
Entidades sem Fins Lucrativos;3095
Entidades sem Fins Lucrativos;3096
Entidades sem Fins Lucrativos;3097
Entidades sem Fins Lucrativos;3098
Entidades sem Fins Lucrativos;3099
Entidades sem Fins Lucrativos;3100
Entidades sem Fins Lucrativos;3101
Entidades sem Fins Lucrativos;3102
Entidades sem Fins Lucrativos;3103
Entidades sem Fins Lucrativos;3104
Entidades sem Fins Lucrativos;3105
Entidades sem Fins Lucrativos;3106
Entidades sem Fins Lucrativos;3107
Entidades sem Fins Lucrativos;3108
Entidades sem Fins Lucrativos;3109
Entidades sem Fins Lucrativos;3110
Entidades sem Fins Lucrativos;3111
Entidades sem Fins Lucrativos;3112
Entidades sem Fins Lucrativos;3113
Entidades sem Fins Lucrativos;3114
Entidades sem Fins Lucrativos;3115
Entidades sem Fins Lucrativos;3116
Entidades sem Fins Lucrativos;3117
Entidades sem Fins Lucrativos;3118
Entidades sem Fins Lucrativos;3119
Entidades sem Fins Lucrativos;3120
Entidades sem Fins Lucrativos;3121
Entidades sem Fins Lucrativos;3122
Entidades sem Fins Lucrativos;3123
Entidades sem Fins Lucrativos;3124
Entidades sem Fins Lucrativos;3125
Entidades sem Fins Lucrativos;3126
Entidades sem Fins Lucrativos;3127
Entidades sem Fins Lucrativos;3128
Entidades sem Fins Lucrativos;3129
Entidades sem Fins Lucrativos;3130
Entidades sem Fins Lucrativos;3131
Entidades sem Fins Lucrativos;3132
Entidades sem Fins Lucrativos;3133
Entidades sem Fins Lucrativos;3134
Entidades sem Fins Lucrativos;3135
Entidades sem Fins Lucrativos;3136
Entidades sem Fins Lucrativos;3137
Entidades sem Fins Lucrativos;3138
Entidades sem Fins Lucrativos;3139
Entidades sem Fins Lucrativos;3140
Entidades sem Fins Lucrativos;3141
Entidades sem Fins Lucrativos;3142
Entidades sem Fins Lucrativos;3143
Entidades sem Fins Lucrativos;3144
Entidades sem Fins Lucrativos;3145
Entidades sem Fins Lucrativos;3146
Entidades sem Fins Lucrativos;3147
Entidades sem Fins Lucrativos;3148
Entidades sem Fins Lucrativos;3149
Entidades sem Fins Lucrativos;3150
Entidades sem Fins Lucrativos;3151
Entidades sem Fins Lucrativos;3152
Entidades sem Fins Lucrativos;3153
Entidades sem Fins Lucrativos;3154
Entidades sem Fins Lucrativos;3155
Entidades sem Fins Lucrativos;3156
Entidades sem Fins Lucrativos;3157
Entidades sem Fins Lucrativos;3158
Entidades sem Fins Lucrativos;3159
Entidades sem Fins Lucrativos;3160
Entidades sem Fins Lucrativos;3161
Entidades sem Fins Lucrativos;3162
Entidades sem Fins Lucrativos;3163
Entidades sem Fins Lucrativos;3164
Entidades sem Fins Lucrativos;3165
Entidades sem Fins Lucrativos;3166
Entidades sem Fins Lucrativos;3167
Entidades sem Fins Lucrativos;3168
Entidades sem Fins Lucrativos;3169
Entidades sem Fins Lucrativos;3170
Entidades sem Fins Lucrativos;3171
Entidades sem Fins Lucrativos;3172
Entidades sem Fins Lucrativos;3173
Entidades sem Fins Lucrativos;3174
Entidades sem Fins Lucrativos;3175
Entidades sem Fins Lucrativos;3176
Entidades sem Fins Lucrativos;3177
Entidades sem Fins Lucrativos;3178
Entidades sem Fins Lucrativos;3179
Entidades sem Fins Lucrativos;3180
Entidades sem Fins Lucrativos;3181
Entidades sem Fins Lucrativos;3182
Entidades sem Fins Lucrativos;3183
Entidades sem Fins Lucrativos;3184
Entidades sem Fins Lucrativos;3185
Entidades sem Fins Lucrativos;3186
Entidades sem Fins Lucrativos;3187
Entidades sem Fins Lucrativos;3188
Entidades sem Fins Lucrativos;3189
Entidades sem Fins Lucrativos;3190
Entidades sem Fins Lucrativos;3191
Entidades sem Fins Lucrativos;3192
Entidades sem Fins Lucrativos;3193
Entidades sem Fins Lucrativos;3194
Entidades sem Fins Lucrativos;3195
Entidades sem Fins Lucrativos;3196
Entidades sem Fins Lucrativos;3197
Entidades sem Fins Lucrativos;3198
Entidades sem Fins Lucrativos;3199
Entidades sem Fins Lucrativos;3200
Entidades sem Fins Lucrativos;3201
Entidades sem Fins Lucrativos;3202
Entidades sem Fins Lucrativos;3203
Entidades sem Fins Lucrativos;3204
Entidades sem Fins Lucrativos;3205
Entidades sem Fins Lucrativos;3206
Entidades sem Fins Lucrativos;3207
Entidades sem Fins Lucrativos;3208
Entidades sem Fins Lucrativos;3209
Entidades sem Fins Lucrativos;3210
Entidades sem Fins Lucrativos;3211
Entidades sem Fins Lucrativos;3212
Entidades sem Fins Lucrativos;3213
Entidades sem Fins Lucrativos;3214
Entidades sem Fins Lucrativos;3215
Entidades sem Fins Lucrativos;3216
Entidades sem Fins Lucrativos;3217
Entidades sem Fins Lucrativos;3218
Entidades sem Fins Lucrativos;3219
Entidades sem Fins Lucrativos;3220
Entidades sem Fins Lucrativos;3221
Entidades sem Fins Lucrativos;3222
Entidades sem Fins Lucrativos;3223
Entidades sem Fins Lucrativos;3224
Entidades sem Fins Lucrativos;3225
Entidades sem Fins Lucrativos;3226
Entidades sem Fins Lucrativos;3227
Entidades sem Fins Lucrativos;3228
Entidades sem Fins Lucrativos;3229
Entidades sem Fins Lucrativos;3230
Entidades sem Fins Lucrativos;3231
Entidades sem Fins Lucrativos;3232
Entidades sem Fins Lucrativos;3233
Entidades sem Fins Lucrativos;3234
Entidades sem Fins Lucrativos;3235
Entidades sem Fins Lucrativos;3236
Entidades sem Fins Lucrativos;3237
Entidades sem Fins Lucrativos;3238
Entidades sem Fins Lucrativos;3239
Entidades sem Fins Lucrativos;3240
Entidades sem Fins Lucrativos;3241
Entidades sem Fins Lucrativos;3242
Entidades sem Fins Lucrativos;3243
Entidades sem Fins Lucrativos;3244
Entidades sem Fins Lucrativos;3245
Entidades sem Fins Lucrativos;3246
Entidades sem Fins Lucrativos;3247
Entidades sem Fins Lucrativos;3248
Entidades sem Fins Lucrativos;3249
Entidades sem Fins Lucrativos;3250
Entidades sem Fins Lucrativos;3251
Entidades sem Fins Lucrativos;3252
Entidades sem Fins Lucrativos;3253
Entidades sem Fins Lucrativos;3254
Entidades sem Fins Lucrativos;3255
Entidades sem Fins Lucrativos;3256
Entidades sem Fins Lucrativos;3257
Entidades sem Fins Lucrativos;3258
Entidades sem Fins Lucrativos;3259
Entidades sem Fins Lucrativos;3260
Entidades sem Fins Lucrativos;3261
Entidades sem Fins Lucrativos;3262
Entidades sem Fins Lucrativos;3263
Entidades sem Fins Lucrativos;3264
Entidades sem Fins Lucrativos;3265
Entidades sem Fins Lucrativos;3266
Entidades sem Fins Lucrativos;3267
Entidades sem Fins Lucrativos;3268
Entidades sem Fins Lucrativos;3269
Entidades sem Fins Lucrativos;3270
Entidades sem Fins Lucrativos;3271
Entidades sem Fins Lucrativos;3272
Entidades sem Fins Lucrativos;3273
Entidades sem Fins Lucrativos;3274
Entidades sem Fins Lucrativos;3275
Entidades sem Fins Lucrativos;3276
Entidades sem Fins Lucrativos;3277
Entidades sem Fins Lucrativos;3278
Entidades sem Fins Lucrativos;3279
Entidades sem Fins Lucrativos;3280
Entidades sem Fins Lucrativos;3281
Entidades sem Fins Lucrativos;3282
Entidades sem Fins Lucrativos;3283
Entidades sem Fins Lucrativos;3284
Entidades sem Fins Lucrativos;3285
Entidades sem Fins Lucrativos;3286
Entidades sem Fins Lucrativos;3287
Entidades sem Fins Lucrativos;3288
Entidades sem Fins Lucrativos;3289
Entidades sem Fins Lucrativos;3290
Entidades sem Fins Lucrativos;3291
Entidades sem Fins Lucrativos;3292
Entidades sem Fins Lucrativos;3293
Entidades sem Fins Lucrativos;3294
Entidades sem Fins Lucrativos;3295
Entidades sem Fins Lucrativos;3296
Entidades sem Fins Lucrativos;3297
Entidades sem Fins Lucrativos;3298
Entidades sem Fins Lucrativos;3299
Entidades sem Fins Lucrativos;3300
Entidades sem Fins Lucrativos;3301
Entidades sem Fins Lucrativos;3302
Entidades sem Fins Lucrativos;3303
Entidades sem Fins Lucrativos;3304
Entidades sem Fins Lucrativos;3305
Entidades sem Fins Lucrativos;3306
Entidades sem Fins Lucrativos;3307
Entidades sem Fins Lucrativos;3308
Entidades sem Fins Lucrativos;3309
Entidades sem Fins Lucrativos;3310
Entidades sem Fins Lucrativos;3311
Entidades sem Fins Lucrativos;3312
Entidades sem Fins Lucrativos;3313
Entidades sem Fins Lucrativos;3314
Entidades sem Fins Lucrativos;3315
Entidades sem Fins Lucrativos;3316
Entidades sem Fins Lucrativos;3317
Entidades sem Fins Lucrativos;3318
Entidades sem Fins Lucrativos;3319
Entidades sem Fins Lucrativos;3320
Entidades sem Fins Lucrativos;3321
Entidades sem Fins Lucrativos;3322
Entidades sem Fins Lucrativos;3323
Entidades sem Fins Lucrativos;3324
Entidades sem Fins Lucrativos;3325
Entidades sem Fins Lucrativos;3326
Entidades sem Fins Lucrativos;3327
Entidades sem Fins Lucrativos;3328
Entidades sem Fins Lucrativos;3329
Entidades sem Fins Lucrativos;3330
Entidades sem Fins Lucrativos;3331
Entidades sem Fins Lucrativos;3332
Entidades sem Fins Lucrativos;3333
Entidades sem Fins Lucrativos;3334
Entidades sem Fins Lucrativos;3335
Entidades sem Fins Lucrativos;3336
Entidades sem Fins Lucrativos;3337
Entidades sem Fins Lucrativos;3338
Entidades sem Fins Lucrativos;3339
Entidades sem Fins Lucrativos;3340
Entidades sem Fins Lucrativos;3341
Entidades sem Fins Lucrativos;3342
Entidades sem Fins Lucrativos;3343
Entidades sem Fins Lucrativos;3344
Entidades sem Fins Lucrativos;3345
Entidades sem Fins Lucrativos;3346
Entidades sem Fins Lucrativos;3347
Entidades sem Fins Lucrativos;3348
Entidades sem Fins Lucrativos;3349
Entidades sem Fins Lucrativos;3350
Entidades sem Fins Lucrativos;3351
Entidades sem Fins Lucrativos;3352
Entidades sem Fins Lucrativos;3353
Entidades sem Fins Lucrativos;3354
Entidades sem Fins Lucrativos;3355
Entidades sem Fins Lucrativos;3356
Entidades sem Fins Lucrativos;3357
Entidades sem Fins Lucrativos;3358
Entidades sem Fins Lucrativos;3359
Entidades sem Fins Lucrativos;3360
Entidades sem Fins Lucrativos;3361
Entidades sem Fins Lucrativos;3362
Entidades sem Fins Lucrativos;3363
Entidades sem Fins Lucrativos;3364
Entidades sem Fins Lucrativos;3365
Entidades sem Fins Lucrativos;3366
Entidades sem Fins Lucrativos;3367
Entidades sem Fins Lucrativos;3368
Entidades sem Fins Lucrativos;3369
Entidades sem Fins Lucrativos;3370
Entidades sem Fins Lucrativos;3371
Entidades sem Fins Lucrativos;3372
Entidades sem Fins Lucrativos;3373
Entidades sem Fins Lucrativos;3374
Entidades sem Fins Lucrativos;3375
Entidades sem Fins Lucrativos;3376
Entidades sem Fins Lucrativos;3377
Entidades sem Fins Lucrativos;3378
Entidades sem Fins Lucrativos;3379
Entidades sem Fins Lucrativos;3380
Entidades sem Fins Lucrativos;3381
Entidades sem Fins Lucrativos;3382
Entidades sem Fins Lucrativos;3383
Entidades sem Fins Lucrativos;3384
Entidades sem Fins Lucrativos;3385
Entidades sem Fins Lucrativos;3386
Entidades sem Fins Lucrativos;3387
Entidades sem Fins Lucrativos;3388
Entidades sem Fins Lucrativos;3389
Entidades sem Fins Lucrativos;3390
Entidades sem Fins Lucrativos;3391
Entidades sem Fins Lucrativos;3392
Entidades sem Fins Lucrativos;3393
Entidades sem Fins Lucrativos;3394
Entidades sem Fins Lucrativos;3395
Entidades sem Fins Lucrativos;3396
Entidades sem Fins Lucrativos;3397
Entidades sem Fins Lucrativos;3398
Entidades sem Fins Lucrativos;3399
Entidades sem Fins Lucrativos;3400
Entidades sem Fins Lucrativos;3401
Entidades sem Fins Lucrativos;3402
Entidades sem Fins Lucrativos;3403
Entidades sem Fins Lucrativos;3404
Entidades sem Fins Lucrativos;3405
Entidades sem Fins Lucrativos;3406
Entidades sem Fins Lucrativos;3407
Entidades sem Fins Lucrativos;3408
Entidades sem Fins Lucrativos;3409
Entidades sem Fins Lucrativos;3410
Entidades sem Fins Lucrativos;3411
Entidades sem Fins Lucrativos;3412
Entidades sem Fins Lucrativos;3413
Entidades sem Fins Lucrativos;3414
Entidades sem Fins Lucrativos;3415
Entidades sem Fins Lucrativos;3416
Entidades sem Fins Lucrativos;3417
Entidades sem Fins Lucrativos;3418
Entidades sem Fins Lucrativos;3419
Entidades sem Fins Lucrativos;3420
Entidades sem Fins Lucrativos;3421
Entidades sem Fins Lucrativos;3422
Entidades sem Fins Lucrativos;3423
Entidades sem Fins Lucrativos;3424
Entidades sem Fins Lucrativos;3425
Entidades sem Fins Lucrativos;3426
Entidades sem Fins Lucrativos;3427
Entidades sem Fins Lucrativos;3428
Entidades sem Fins Lucrativos;3429
Entidades sem Fins Lucrativos;3430
Entidades sem Fins Lucrativos;3431
Entidades sem Fins Lucrativos;3432
Entidades sem Fins Lucrativos;3433
Entidades sem Fins Lucrativos;3434
Entidades sem Fins Lucrativos;3435
Entidades sem Fins Lucrativos;3436
Entidades sem Fins Lucrativos;3437
Entidades sem Fins Lucrativos;3438
Entidades sem Fins Lucrativos;3439
Entidades sem Fins Lucrativos;3440
Entidades sem Fins Lucrativos;3441
Entidades sem Fins Lucrativos;3442
Entidades sem Fins Lucrativos;3443
Entidades sem Fins Lucrativos;3444
Entidades sem Fins Lucrativos;3445
Entidades sem Fins Lucrativos;3446
Entidades sem Fins Lucrativos;3447
Entidades sem Fins Lucrativos;3448
Entidades sem Fins Lucrativos;3449
Entidades sem Fins Lucrativos;3450
Entidades sem Fins Lucrativos;3451
Entidades sem Fins Lucrativos;3452
Entidades sem Fins Lucrativos;3453
Entidades sem Fins Lucrativos;3454
Entidades sem Fins Lucrativos;3455
Entidades sem Fins Lucrativos;3456
Entidades sem Fins Lucrativos;3457
Entidades sem Fins Lucrativos;3458
Entidades sem Fins Lucrativos;3459
Entidades sem Fins Lucrativos;3460
Entidades sem Fins Lucrativos;3461
Entidades sem Fins Lucrativos;3462
Entidades sem Fins Lucrativos;3463
Entidades sem Fins Lucrativos;3464
Entidades sem Fins Lucrativos;3465
Entidades sem Fins Lucrativos;3466
Entidades sem Fins Lucrativos;3467
Entidades sem Fins Lucrativos;3468
Entidades sem Fins Lucrativos;3469
Entidades sem Fins Lucrativos;3470
Entidades sem Fins Lucrativos;3471
Entidades sem Fins Lucrativos;3472
Entidades sem Fins Lucrativos;3473
Entidades sem Fins Lucrativos;3474
Entidades sem Fins Lucrativos;3475
Entidades sem Fins Lucrativos;3476
Entidades sem Fins Lucrativos;3477
Entidades sem Fins Lucrativos;3478
Entidades sem Fins Lucrativos;3479
Entidades sem Fins Lucrativos;3480
Entidades sem Fins Lucrativos;3481
Entidades sem Fins Lucrativos;3482
Entidades sem Fins Lucrativos;3483
Entidades sem Fins Lucrativos;3484
Entidades sem Fins Lucrativos;3485
Entidades sem Fins Lucrativos;3486
Entidades sem Fins Lucrativos;3487
Entidades sem Fins Lucrativos;3488
Entidades sem Fins Lucrativos;3489
Entidades sem Fins Lucrativos;3490
Entidades sem Fins Lucrativos;3491
Entidades sem Fins Lucrativos;3492
Entidades sem Fins Lucrativos;3493
Entidades sem Fins Lucrativos;3494
Entidades sem Fins Lucrativos;3495
Entidades sem Fins Lucrativos;3496
Entidades sem Fins Lucrativos;3497
Entidades sem Fins Lucrativos;3498
Entidades sem Fins Lucrativos;3499
Entidades sem Fins Lucrativos;3500
Entidades sem Fins Lucrativos;3501
Entidades sem Fins Lucrativos;3502
Entidades sem Fins Lucrativos;3503
Entidades sem Fins Lucrativos;3504
Entidades sem Fins Lucrativos;3505
Entidades sem Fins Lucrativos;3506
Entidades sem Fins Lucrativos;3507
Entidades sem Fins Lucrativos;3508
Entidades sem Fins Lucrativos;3509
Entidades sem Fins Lucrativos;3510
Entidades sem Fins Lucrativos;3511
Entidades sem Fins Lucrativos;3512
Entidades sem Fins Lucrativos;3513
Entidades sem Fins Lucrativos;3514
Entidades sem Fins Lucrativos;3515
Entidades sem Fins Lucrativos;3516
Entidades sem Fins Lucrativos;3517
Entidades sem Fins Lucrativos;3518
Entidades sem Fins Lucrativos;3519
Entidades sem Fins Lucrativos;3520
Entidades sem Fins Lucrativos;3521
Entidades sem Fins Lucrativos;3522
Entidades sem Fins Lucrativos;3523
Entidades sem Fins Lucrativos;3524
Entidades sem Fins Lucrativos;3525
Entidades sem Fins Lucrativos;3526
Entidades sem Fins Lucrativos;3527
Entidades sem Fins Lucrativos;3528
Entidades sem Fins Lucrativos;3529
Entidades sem Fins Lucrativos;3530
Entidades sem Fins Lucrativos;3531
Entidades sem Fins Lucrativos;3532
Entidades sem Fins Lucrativos;3533
Entidades sem Fins Lucrativos;3534
Entidades sem Fins Lucrativos;3535
Entidades sem Fins Lucrativos;3536
Entidades sem Fins Lucrativos;3537
Entidades sem Fins Lucrativos;3538
Entidades sem Fins Lucrativos;3539
Entidades sem Fins Lucrativos;3540
Entidades sem Fins Lucrativos;3541
Entidades sem Fins Lucrativos;3542
Entidades sem Fins Lucrativos;3543
Entidades sem Fins Lucrativos;3544
Entidades sem Fins Lucrativos;3545
Entidades sem Fins Lucrativos;3546
Entidades sem Fins Lucrativos;3547
Entidades sem Fins Lucrativos;3548
Entidades sem Fins Lucrativos;3549
Entidades sem Fins Lucrativos;3550
Entidades sem Fins Lucrativos;3551
Entidades sem Fins Lucrativos;3552
Entidades sem Fins Lucrativos;3553
Entidades sem Fins Lucrativos;3554
Entidades sem Fins Lucrativos;3555
Entidades sem Fins Lucrativos;3556
Entidades sem Fins Lucrativos;3557
Entidades sem Fins Lucrativos;3558
Entidades sem Fins Lucrativos;3559
Entidades sem Fins Lucrativos;3560
Entidades sem Fins Lucrativos;3561
Entidades sem Fins Lucrativos;3562
Entidades sem Fins Lucrativos;3563
Entidades sem Fins Lucrativos;3564
Entidades sem Fins Lucrativos;3565
Entidades sem Fins Lucrativos;3566
Entidades sem Fins Lucrativos;3567
Entidades sem Fins Lucrativos;3568
Entidades sem Fins Lucrativos;3569
Entidades sem Fins Lucrativos;3570
Entidades sem Fins Lucrativos;3571
Entidades sem Fins Lucrativos;3572
Entidades sem Fins Lucrativos;3573
Entidades sem Fins Lucrativos;3574
Entidades sem Fins Lucrativos;3575
Entidades sem Fins Lucrativos;3576
Entidades sem Fins Lucrativos;3577
Entidades sem Fins Lucrativos;3578
Entidades sem Fins Lucrativos;3579
Entidades sem Fins Lucrativos;3580
Entidades sem Fins Lucrativos;3581
Entidades sem Fins Lucrativos;3582
Entidades sem Fins Lucrativos;3583
Entidades sem Fins Lucrativos;3584
Entidades sem Fins Lucrativos;3585
Entidades sem Fins Lucrativos;3586
Entidades sem Fins Lucrativos;3587
Entidades sem Fins Lucrativos;3588
Entidades sem Fins Lucrativos;3589
Entidades sem Fins Lucrativos;3590
Entidades sem Fins Lucrativos;3591
Entidades sem Fins Lucrativos;3592
Entidades sem Fins Lucrativos;3593
Entidades sem Fins Lucrativos;3594
Entidades sem Fins Lucrativos;3595
Entidades sem Fins Lucrativos;3596
Entidades sem Fins Lucrativos;3597
Entidades sem Fins Lucrativos;3598
Entidades sem Fins Lucrativos;3599
Entidades sem Fins Lucrativos;3600
Entidades sem Fins Lucrativos;3601
Entidades sem Fins Lucrativos;3602
Entidades sem Fins Lucrativos;3603
Entidades sem Fins Lucrativos;3604
Entidades sem Fins Lucrativos;3605
Entidades sem Fins Lucrativos;3606
Entidades sem Fins Lucrativos;3607
Entidades sem Fins Lucrativos;3608
Entidades sem Fins Lucrativos;3609
Entidades sem Fins Lucrativos;3610
Entidades sem Fins Lucrativos;3611
Entidades sem Fins Lucrativos;3612
Entidades sem Fins Lucrativos;3613
Entidades sem Fins Lucrativos;3614
Entidades sem Fins Lucrativos;3615
Entidades sem Fins Lucrativos;3616
Entidades sem Fins Lucrativos;3617
Entidades sem Fins Lucrativos;3618
Entidades sem Fins Lucrativos;3619
Entidades sem Fins Lucrativos;3620
Entidades sem Fins Lucrativos;3621
Entidades sem Fins Lucrativos;3622
Entidades sem Fins Lucrativos;3623
Entidades sem Fins Lucrativos;3624
Entidades sem Fins Lucrativos;3625
Entidades sem Fins Lucrativos;3626
Entidades sem Fins Lucrativos;3627
Entidades sem Fins Lucrativos;3628
Entidades sem Fins Lucrativos;3629
Entidades sem Fins Lucrativos;3630
Entidades sem Fins Lucrativos;3631
Entidades sem Fins Lucrativos;3632
Entidades sem Fins Lucrativos;3633
Entidades sem Fins Lucrativos;3634
Entidades sem Fins Lucrativos;3635
Entidades sem Fins Lucrativos;3636
Entidades sem Fins Lucrativos;3637
Entidades sem Fins Lucrativos;3638
Entidades sem Fins Lucrativos;3639
Entidades sem Fins Lucrativos;3640
Entidades sem Fins Lucrativos;3641
Entidades sem Fins Lucrativos;3642
Entidades sem Fins Lucrativos;3643
Entidades sem Fins Lucrativos;3644
Entidades sem Fins Lucrativos;3645
Entidades sem Fins Lucrativos;3646
Entidades sem Fins Lucrativos;3647
Entidades sem Fins Lucrativos;3648
Entidades sem Fins Lucrativos;3649
Entidades sem Fins Lucrativos;3650
Entidades sem Fins Lucrativos;3651
Entidades sem Fins Lucrativos;3652
Entidades sem Fins Lucrativos;3653
Entidades sem Fins Lucrativos;3654
Entidades sem Fins Lucrativos;3655
Entidades sem Fins Lucrativos;3656
Entidades sem Fins Lucrativos;3657
Entidades sem Fins Lucrativos;3658
Entidades sem Fins Lucrativos;3659
Entidades sem Fins Lucrativos;3660
Entidades sem Fins Lucrativos;3661
Entidades sem Fins Lucrativos;3662
Entidades sem Fins Lucrativos;3663
Entidades sem Fins Lucrativos;3664
Entidades sem Fins Lucrativos;3665
Entidades sem Fins Lucrativos;3666
Entidades sem Fins Lucrativos;3667
Entidades sem Fins Lucrativos;3668
Entidades sem Fins Lucrativos;3669
Entidades sem Fins Lucrativos;3670
Entidades sem Fins Lucrativos;3671
Entidades sem Fins Lucrativos;3672
Entidades sem Fins Lucrativos;3673
Entidades sem Fins Lucrativos;3674
Entidades sem Fins Lucrativos;3675
Entidades sem Fins Lucrativos;3676
Entidades sem Fins Lucrativos;3677
Entidades sem Fins Lucrativos;3678
Entidades sem Fins Lucrativos;3679
Entidades sem Fins Lucrativos;3680
Entidades sem Fins Lucrativos;3681
Entidades sem Fins Lucrativos;3682
Entidades sem Fins Lucrativos;3683
Entidades sem Fins Lucrativos;3684
Entidades sem Fins Lucrativos;3685
Entidades sem Fins Lucrativos;3686
Entidades sem Fins Lucrativos;3687
Entidades sem Fins Lucrativos;3688
Entidades sem Fins Lucrativos;3689
Entidades sem Fins Lucrativos;3690
Entidades sem Fins Lucrativos;3691
Entidades sem Fins Lucrativos;3692
Entidades sem Fins Lucrativos;3693
Entidades sem Fins Lucrativos;3694
Entidades sem Fins Lucrativos;3695
Entidades sem Fins Lucrativos;3696
Entidades sem Fins Lucrativos;3697
Entidades sem Fins Lucrativos;3698
Entidades sem Fins Lucrativos;3699
Entidades sem Fins Lucrativos;3700
Entidades sem Fins Lucrativos;3701
Entidades sem Fins Lucrativos;3702
Entidades sem Fins Lucrativos;3703
Entidades sem Fins Lucrativos;3704
Entidades sem Fins Lucrativos;3705
Entidades sem Fins Lucrativos;3706
Entidades sem Fins Lucrativos;3707
Entidades sem Fins Lucrativos;3708
Entidades sem Fins Lucrativos;3709
Entidades sem Fins Lucrativos;3710
Entidades sem Fins Lucrativos;3711
Entidades sem Fins Lucrativos;3712
Entidades sem Fins Lucrativos;3713
Entidades sem Fins Lucrativos;3714
Entidades sem Fins Lucrativos;3715
Entidades sem Fins Lucrativos;3716
Entidades sem Fins Lucrativos;3717
Entidades sem Fins Lucrativos;3718
Entidades sem Fins Lucrativos;3719
Entidades sem Fins Lucrativos;3720
Entidades sem Fins Lucrativos;3721
Entidades sem Fins Lucrativos;3722
Entidades sem Fins Lucrativos;3723
Entidades sem Fins Lucrativos;3724
Entidades sem Fins Lucrativos;3725
Entidades sem Fins Lucrativos;3726
Entidades sem Fins Lucrativos;3727
Entidades sem Fins Lucrativos;3728
Entidades sem Fins Lucrativos;3729
Entidades sem Fins Lucrativos;3730
Entidades sem Fins Lucrativos;3731
Entidades sem Fins Lucrativos;3732
Entidades sem Fins Lucrativos;3733
Entidades sem Fins Lucrativos;3734
Entidades sem Fins Lucrativos;3735
Entidades sem Fins Lucrativos;3736
Entidades sem Fins Lucrativos;3737
Entidades sem Fins Lucrativos;3738
Entidades sem Fins Lucrativos;3739
Entidades sem Fins Lucrativos;3740
Entidades sem Fins Lucrativos;3741
Entidades sem Fins Lucrativos;3742
Entidades sem Fins Lucrativos;3743
Entidades sem Fins Lucrativos;3744
Entidades sem Fins Lucrativos;3745
Entidades sem Fins Lucrativos;3746
Entidades sem Fins Lucrativos;3747
Entidades sem Fins Lucrativos;3748
Entidades sem Fins Lucrativos;3749
Entidades sem Fins Lucrativos;3750
Entidades sem Fins Lucrativos;3751
Entidades sem Fins Lucrativos;3752
Entidades sem Fins Lucrativos;3753
Entidades sem Fins Lucrativos;3754
Entidades sem Fins Lucrativos;3755
Entidades sem Fins Lucrativos;3756
Entidades sem Fins Lucrativos;3757
Entidades sem Fins Lucrativos;3758
Entidades sem Fins Lucrativos;3759
Entidades sem Fins Lucrativos;3760
Entidades sem Fins Lucrativos;3761
Entidades sem Fins Lucrativos;3762
Entidades sem Fins Lucrativos;3763
Entidades sem Fins Lucrativos;3764
Entidades sem Fins Lucrativos;3765
Entidades sem Fins Lucrativos;3766
Entidades sem Fins Lucrativos;3767
Entidades sem Fins Lucrativos;3768
Entidades sem Fins Lucrativos;3769
Entidades sem Fins Lucrativos;3770
Entidades sem Fins Lucrativos;3771
Entidades sem Fins Lucrativos;3772
Entidades sem Fins Lucrativos;3773
Entidades sem Fins Lucrativos;3774
Entidades sem Fins Lucrativos;3775
Entidades sem Fins Lucrativos;3776
Entidades sem Fins Lucrativos;3777
Entidades sem Fins Lucrativos;3778
Entidades sem Fins Lucrativos;3779
Entidades sem Fins Lucrativos;3780
Entidades sem Fins Lucrativos;3781
Entidades sem Fins Lucrativos;3782
Entidades sem Fins Lucrativos;3783
Entidades sem Fins Lucrativos;3784
Entidades sem Fins Lucrativos;3785
Entidades sem Fins Lucrativos;3786
Entidades sem Fins Lucrativos;3787
Entidades sem Fins Lucrativos;3788
Entidades sem Fins Lucrativos;3789
Entidades sem Fins Lucrativos;3790
Entidades sem Fins Lucrativos;3791
Entidades sem Fins Lucrativos;3792
Entidades sem Fins Lucrativos;3793
Entidades sem Fins Lucrativos;3794
Entidades sem Fins Lucrativos;3795
Entidades sem Fins Lucrativos;3796
Entidades sem Fins Lucrativos;3797
Entidades sem Fins Lucrativos;3798
Entidades sem Fins Lucrativos;3799
Entidades sem Fins Lucrativos;3800
Entidades sem Fins Lucrativos;3801
Entidades sem Fins Lucrativos;3802
Entidades sem Fins Lucrativos;3803
Entidades sem Fins Lucrativos;3804
Entidades sem Fins Lucrativos;3805
Entidades sem Fins Lucrativos;3806
Entidades sem Fins Lucrativos;3807
Entidades sem Fins Lucrativos;3808
Entidades sem Fins Lucrativos;3809
Entidades sem Fins Lucrativos;3810
Entidades sem Fins Lucrativos;3811
Entidades sem Fins Lucrativos;3812
Entidades sem Fins Lucrativos;3813
Entidades sem Fins Lucrativos;3814
Entidades sem Fins Lucrativos;3815
Entidades sem Fins Lucrativos;3816
Entidades sem Fins Lucrativos;3817
Entidades sem Fins Lucrativos;3818
Entidades sem Fins Lucrativos;3819
Entidades sem Fins Lucrativos;3820
Entidades sem Fins Lucrativos;3821
Entidades sem Fins Lucrativos;3822
Entidades sem Fins Lucrativos;3823
Entidades sem Fins Lucrativos;3824
Entidades sem Fins Lucrativos;3825
Entidades sem Fins Lucrativos;3826
Entidades sem Fins Lucrativos;3827
Entidades sem Fins Lucrativos;3828
Entidades sem Fins Lucrativos;3829
Entidades sem Fins Lucrativos;3830
Entidades sem Fins Lucrativos;3831
Entidades sem Fins Lucrativos;3832
Entidades sem Fins Lucrativos;3833
Entidades sem Fins Lucrativos;3834
Entidades sem Fins Lucrativos;3835
Entidades sem Fins Lucrativos;3836
Entidades sem Fins Lucrativos;3837
Entidades sem Fins Lucrativos;3838
Entidades sem Fins Lucrativos;3839
Entidades sem Fins Lucrativos;3840
Entidades sem Fins Lucrativos;3841
Entidades sem Fins Lucrativos;3842
Entidades sem Fins Lucrativos;3843
Entidades sem Fins Lucrativos;3844
Entidades sem Fins Lucrativos;3845
Entidades sem Fins Lucrativos;3846
Entidades sem Fins Lucrativos;3847
Entidades sem Fins Lucrativos;3848
Entidades sem Fins Lucrativos;3849
Entidades sem Fins Lucrativos;3850
Entidades sem Fins Lucrativos;3851
Entidades sem Fins Lucrativos;3852
Entidades sem Fins Lucrativos;3853
Entidades sem Fins Lucrativos;3854
Entidades sem Fins Lucrativos;3855
Entidades sem Fins Lucrativos;3856
Entidades sem Fins Lucrativos;3857
Entidades sem Fins Lucrativos;3858
Entidades sem Fins Lucrativos;3859
Entidades sem Fins Lucrativos;3860
Entidades sem Fins Lucrativos;3861
Entidades sem Fins Lucrativos;3862
Entidades sem Fins Lucrativos;3863
Entidades sem Fins Lucrativos;3864
Entidades sem Fins Lucrativos;3865
Entidades sem Fins Lucrativos;3866
Entidades sem Fins Lucrativos;3867
Entidades sem Fins Lucrativos;3868
Entidades sem Fins Lucrativos;3869
Entidades sem Fins Lucrativos;3870
Entidades sem Fins Lucrativos;3871
Entidades sem Fins Lucrativos;3872
Entidades sem Fins Lucrativos;3873
Entidades sem Fins Lucrativos;3874
Entidades sem Fins Lucrativos;3875
Entidades sem Fins Lucrativos;3876
Entidades sem Fins Lucrativos;3877
Entidades sem Fins Lucrativos;3878
Entidades sem Fins Lucrativos;3879
Entidades sem Fins Lucrativos;3880
Entidades sem Fins Lucrativos;3881
Entidades sem Fins Lucrativos;3882
Entidades sem Fins Lucrativos;3883
Entidades sem Fins Lucrativos;3884
Entidades sem Fins Lucrativos;3885
Entidades sem Fins Lucrativos;3886
Entidades sem Fins Lucrativos;3887
Entidades sem Fins Lucrativos;3888
Entidades sem Fins Lucrativos;3889
Entidades sem Fins Lucrativos;3890
Entidades sem Fins Lucrativos;3891
Entidades sem Fins Lucrativos;3892
Entidades sem Fins Lucrativos;3893
Entidades sem Fins Lucrativos;3894
Entidades sem Fins Lucrativos;3895
Entidades sem Fins Lucrativos;3896
Entidades sem Fins Lucrativos;3897
Entidades sem Fins Lucrativos;3898
Entidades sem Fins Lucrativos;3899
Entidades sem Fins Lucrativos;3900
Entidades sem Fins Lucrativos;3901
Entidades sem Fins Lucrativos;3902
Entidades sem Fins Lucrativos;3903
Entidades sem Fins Lucrativos;3904
Entidades sem Fins Lucrativos;3905
Entidades sem Fins Lucrativos;3906
Entidades sem Fins Lucrativos;3907
Entidades sem Fins Lucrativos;3908
Entidades sem Fins Lucrativos;3909
Entidades sem Fins Lucrativos;3910
Entidades sem Fins Lucrativos;3911
Entidades sem Fins Lucrativos;3912
Entidades sem Fins Lucrativos;3913
Entidades sem Fins Lucrativos;3914
Entidades sem Fins Lucrativos;3915
Entidades sem Fins Lucrativos;3916
Entidades sem Fins Lucrativos;3917
Entidades sem Fins Lucrativos;3918
Entidades sem Fins Lucrativos;3919
Entidades sem Fins Lucrativos;3920
Entidades sem Fins Lucrativos;3921
Entidades sem Fins Lucrativos;3922
Entidades sem Fins Lucrativos;3923
Entidades sem Fins Lucrativos;3924
Entidades sem Fins Lucrativos;3925
Entidades sem Fins Lucrativos;3926
Entidades sem Fins Lucrativos;3927
Entidades sem Fins Lucrativos;3928
Entidades sem Fins Lucrativos;3929
Entidades sem Fins Lucrativos;3930
Entidades sem Fins Lucrativos;3931
Entidades sem Fins Lucrativos;3932
Entidades sem Fins Lucrativos;3933
Entidades sem Fins Lucrativos;3934
Entidades sem Fins Lucrativos;3935
Entidades sem Fins Lucrativos;3936
Entidades sem Fins Lucrativos;3937
Entidades sem Fins Lucrativos;3938
Entidades sem Fins Lucrativos;3939
Entidades sem Fins Lucrativos;3940
Entidades sem Fins Lucrativos;3941
Entidades sem Fins Lucrativos;3942
Entidades sem Fins Lucrativos;3943
Entidades sem Fins Lucrativos;3944
Entidades sem Fins Lucrativos;3945
Entidades sem Fins Lucrativos;3946
Entidades sem Fins Lucrativos;3947
Entidades sem Fins Lucrativos;3948
Entidades sem Fins Lucrativos;3949
Entidades sem Fins Lucrativos;3950
Entidades sem Fins Lucrativos;3951
Entidades sem Fins Lucrativos;3952
Entidades sem Fins Lucrativos;3953
Entidades sem Fins Lucrativos;3954
Entidades sem Fins Lucrativos;3955
Entidades sem Fins Lucrativos;3956
Entidades sem Fins Lucrativos;3957
Entidades sem Fins Lucrativos;3958
Entidades sem Fins Lucrativos;3959
Entidades sem Fins Lucrativos;3960
Entidades sem Fins Lucrativos;3961
Entidades sem Fins Lucrativos;3962
Entidades sem Fins Lucrativos;3963
Entidades sem Fins Lucrativos;3964
Entidades sem Fins Lucrativos;3965
Entidades sem Fins Lucrativos;3966
Entidades sem Fins Lucrativos;3967
Entidades sem Fins Lucrativos;3968
Entidades sem Fins Lucrativos;3969
Entidades sem Fins Lucrativos;3970
Entidades sem Fins Lucrativos;3971
Entidades sem Fins Lucrativos;3972
Entidades sem Fins Lucrativos;3973
Entidades sem Fins Lucrativos;3974
Entidades sem Fins Lucrativos;3975
Entidades sem Fins Lucrativos;3976
Entidades sem Fins Lucrativos;3977
Entidades sem Fins Lucrativos;3978
Entidades sem Fins Lucrativos;3979
Entidades sem Fins Lucrativos;3980
Entidades sem Fins Lucrativos;3981
Entidades sem Fins Lucrativos;3982
Entidades sem Fins Lucrativos;3983
Entidades sem Fins Lucrativos;3984
Entidades sem Fins Lucrativos;3985
Entidades sem Fins Lucrativos;3986
Entidades sem Fins Lucrativos;3987
Entidades sem Fins Lucrativos;3988
Entidades sem Fins Lucrativos;3989
Entidades sem Fins Lucrativos;3990
Entidades sem Fins Lucrativos;3991
Entidades sem Fins Lucrativos;3992
Entidades sem Fins Lucrativos;3993
Entidades sem Fins Lucrativos;3994
Entidades sem Fins Lucrativos;3995
Entidades sem Fins Lucrativos;3996
Entidades sem Fins Lucrativos;3997
Entidades sem Fins Lucrativos;3998
Entidades sem Fins Lucrativos;3999
Pessoas Físicas;4000
Pessoas Físicas;4001
Pessoas Físicas;4002
Pessoas Físicas;4003
Pessoas Físicas;4004
Pessoas Físicas;4005
Pessoas Físicas;4006
Pessoas Físicas;4007
Pessoas Físicas;4008
Pessoas Físicas;4009
Pessoas Físicas;4010
Pessoas Físicas;4011
Pessoas Físicas;4012
Pessoas Físicas;4013
Pessoas Físicas;4014
Pessoas Físicas;4015
Pessoas Físicas;4016
Pessoas Físicas;4017
Pessoas Físicas;4018
Pessoas Físicas;4019
Pessoas Físicas;4020
Pessoas Físicas;4021
Pessoas Físicas;4022
Pessoas Físicas;4023
Pessoas Físicas;4024
Pessoas Físicas;4025
Pessoas Físicas;4026
Pessoas Físicas;4027
Pessoas Físicas;4028
Pessoas Físicas;4029
Pessoas Físicas;4030
Pessoas Físicas;4031
Pessoas Físicas;4032
Pessoas Físicas;4033
Pessoas Físicas;4034
Pessoas Físicas;4035
Pessoas Físicas;4036
Pessoas Físicas;4037
Pessoas Físicas;4038
Pessoas Físicas;4039
Pessoas Físicas;4040
Pessoas Físicas;4041
Pessoas Físicas;4042
Pessoas Físicas;4043
Pessoas Físicas;4044
Pessoas Físicas;4045
Pessoas Físicas;4046
Pessoas Físicas;4047
Pessoas Físicas;4048
Pessoas Físicas;4049
Pessoas Físicas;4050
Pessoas Físicas;4051
Pessoas Físicas;4052
Pessoas Físicas;4053
Pessoas Físicas;4054
Pessoas Físicas;4055
Pessoas Físicas;4056
Pessoas Físicas;4057
Pessoas Físicas;4058
Pessoas Físicas;4059
Pessoas Físicas;4060
Pessoas Físicas;4061
Pessoas Físicas;4062
Pessoas Físicas;4063
Pessoas Físicas;4064
Pessoas Físicas;4065
Pessoas Físicas;4066
Pessoas Físicas;4067
Pessoas Físicas;4068
Pessoas Físicas;4069
Pessoas Físicas;4070
Pessoas Físicas;4071
Pessoas Físicas;4072
Pessoas Físicas;4073
Pessoas Físicas;4074
Pessoas Físicas;4075
Pessoas Físicas;4076
Pessoas Físicas;4077
Pessoas Físicas;4078
Pessoas Físicas;4079
Pessoas Físicas;4080
Pessoas Físicas;4081
Pessoas Físicas;4082
Pessoas Físicas;4083
Pessoas Físicas;4084
Pessoas Físicas;4085
Pessoas Físicas;4086
Pessoas Físicas;4087
Pessoas Físicas;4088
Pessoas Físicas;4089
Pessoas Físicas;4090
Pessoas Físicas;4091
Pessoas Físicas;4092
Pessoas Físicas;4093
Pessoas Físicas;4094
Pessoas Físicas;4095
Pessoas Físicas;4096
Pessoas Físicas;4097
Pessoas Físicas;4098
Pessoas Físicas;4099
Pessoas Físicas;4100
Pessoas Físicas;4101
Pessoas Físicas;4102
Pessoas Físicas;4103
Pessoas Físicas;4104
Pessoas Físicas;4105
Pessoas Físicas;4106
Pessoas Físicas;4107
Pessoas Físicas;4108
Pessoas Físicas;4109
Pessoas Físicas;4110
Pessoas Físicas;4111
Pessoas Físicas;4112
Pessoas Físicas;4113
Pessoas Físicas;4114
Pessoas Físicas;4115
Pessoas Físicas;4116
Pessoas Físicas;4117
Pessoas Físicas;4118
Pessoas Físicas;4119
Pessoas Físicas;4120
Pessoas Físicas;4121
Pessoas Físicas;4122
Pessoas Físicas;4123
Pessoas Físicas;4124
Pessoas Físicas;4125
Pessoas Físicas;4126
Pessoas Físicas;4127
Pessoas Físicas;4128
Pessoas Físicas;4129
Pessoas Físicas;4130
Pessoas Físicas;4131
Pessoas Físicas;4132
Pessoas Físicas;4133
Pessoas Físicas;4134
Pessoas Físicas;4135
Pessoas Físicas;4136
Pessoas Físicas;4137
Pessoas Físicas;4138
Pessoas Físicas;4139
Pessoas Físicas;4140
Pessoas Físicas;4141
Pessoas Físicas;4142
Pessoas Físicas;4143
Pessoas Físicas;4144
Pessoas Físicas;4145
Pessoas Físicas;4146
Pessoas Físicas;4147
Pessoas Físicas;4148
Pessoas Físicas;4149
Pessoas Físicas;4150
Pessoas Físicas;4151
Pessoas Físicas;4152
Pessoas Físicas;4153
Pessoas Físicas;4154
Pessoas Físicas;4155
Pessoas Físicas;4156
Pessoas Físicas;4157
Pessoas Físicas;4158
Pessoas Físicas;4159
Pessoas Físicas;4160
Pessoas Físicas;4161
Pessoas Físicas;4162
Pessoas Físicas;4163
Pessoas Físicas;4164
Pessoas Físicas;4165
Pessoas Físicas;4166
Pessoas Físicas;4167
Pessoas Físicas;4168
Pessoas Físicas;4169
Pessoas Físicas;4170
Pessoas Físicas;4171
Pessoas Físicas;4172
Pessoas Físicas;4173
Pessoas Físicas;4174
Pessoas Físicas;4175
Pessoas Físicas;4176
Pessoas Físicas;4177
Pessoas Físicas;4178
Pessoas Físicas;4179
Pessoas Físicas;4180
Pessoas Físicas;4181
Pessoas Físicas;4182
Pessoas Físicas;4183
Pessoas Físicas;4184
Pessoas Físicas;4185
Pessoas Físicas;4186
Pessoas Físicas;4187
Pessoas Físicas;4188
Pessoas Físicas;4189
Pessoas Físicas;4190
Pessoas Físicas;4191
Pessoas Físicas;4192
Pessoas Físicas;4193
Pessoas Físicas;4194
Pessoas Físicas;4195
Pessoas Físicas;4196
Pessoas Físicas;4197
Pessoas Físicas;4198
Pessoas Físicas;4199
Pessoas Físicas;4200
Pessoas Físicas;4201
Pessoas Físicas;4202
Pessoas Físicas;4203
Pessoas Físicas;4204
Pessoas Físicas;4205
Pessoas Físicas;4206
Pessoas Físicas;4207
Pessoas Físicas;4208
Pessoas Físicas;4209
Pessoas Físicas;4210
Pessoas Físicas;4211
Pessoas Físicas;4212
Pessoas Físicas;4213
Pessoas Físicas;4214
Pessoas Físicas;4215
Pessoas Físicas;4216
Pessoas Físicas;4217
Pessoas Físicas;4218
Pessoas Físicas;4219
Pessoas Físicas;4220
Pessoas Físicas;4221
Pessoas Físicas;4222
Pessoas Físicas;4223
Pessoas Físicas;4224
Pessoas Físicas;4225
Pessoas Físicas;4226
Pessoas Físicas;4227
Pessoas Físicas;4228
Pessoas Físicas;4229
Pessoas Físicas;4230
Pessoas Físicas;4231
Pessoas Físicas;4232
Pessoas Físicas;4233
Pessoas Físicas;4234
Pessoas Físicas;4235
Pessoas Físicas;4236
Pessoas Físicas;4237
Pessoas Físicas;4238
Pessoas Físicas;4239
Pessoas Físicas;4240
Pessoas Físicas;4241
Pessoas Físicas;4242
Pessoas Físicas;4243
Pessoas Físicas;4244
Pessoas Físicas;4245
Pessoas Físicas;4246
Pessoas Físicas;4247
Pessoas Físicas;4248
Pessoas Físicas;4249
Pessoas Físicas;4250
Pessoas Físicas;4251
Pessoas Físicas;4252
Pessoas Físicas;4253
Pessoas Físicas;4254
Pessoas Físicas;4255
Pessoas Físicas;4256
Pessoas Físicas;4257
Pessoas Físicas;4258
Pessoas Físicas;4259
Pessoas Físicas;4260
Pessoas Físicas;4261
Pessoas Físicas;4262
Pessoas Físicas;4263
Pessoas Físicas;4264
Pessoas Físicas;4265
Pessoas Físicas;4266
Pessoas Físicas;4267
Pessoas Físicas;4268
Pessoas Físicas;4269
Pessoas Físicas;4270
Pessoas Físicas;4271
Pessoas Físicas;4272
Pessoas Físicas;4273
Pessoas Físicas;4274
Pessoas Físicas;4275
Pessoas Físicas;4276
Pessoas Físicas;4277
Pessoas Físicas;4278
Pessoas Físicas;4279
Pessoas Físicas;4280
Pessoas Físicas;4281
Pessoas Físicas;4282
Pessoas Físicas;4283
Pessoas Físicas;4284
Pessoas Físicas;4285
Pessoas Físicas;4286
Pessoas Físicas;4287
Pessoas Físicas;4288
Pessoas Físicas;4289
Pessoas Físicas;4290
Pessoas Físicas;4291
Pessoas Físicas;4292
Pessoas Físicas;4293
Pessoas Físicas;4294
Pessoas Físicas;4295
Pessoas Físicas;4296
Pessoas Físicas;4297
Pessoas Físicas;4298
Pessoas Físicas;4299
Pessoas Físicas;4300
Pessoas Físicas;4301
Pessoas Físicas;4302
Pessoas Físicas;4303
Pessoas Físicas;4304
Pessoas Físicas;4305
Pessoas Físicas;4306
Pessoas Físicas;4307
Pessoas Físicas;4308
Pessoas Físicas;4309
Pessoas Físicas;4310
Pessoas Físicas;4311
Pessoas Físicas;4312
Pessoas Físicas;4313
Pessoas Físicas;4314
Pessoas Físicas;4315
Pessoas Físicas;4316
Pessoas Físicas;4317
Pessoas Físicas;4318
Pessoas Físicas;4319
Pessoas Físicas;4320
Pessoas Físicas;4321
Pessoas Físicas;4322
Pessoas Físicas;4323
Pessoas Físicas;4324
Pessoas Físicas;4325
Pessoas Físicas;4326
Pessoas Físicas;4327
Pessoas Físicas;4328
Pessoas Físicas;4329
Pessoas Físicas;4330
Pessoas Físicas;4331
Pessoas Físicas;4332
Pessoas Físicas;4333
Pessoas Físicas;4334
Pessoas Físicas;4335
Pessoas Físicas;4336
Pessoas Físicas;4337
Pessoas Físicas;4338
Pessoas Físicas;4339
Pessoas Físicas;4340
Pessoas Físicas;4341
Pessoas Físicas;4342
Pessoas Físicas;4343
Pessoas Físicas;4344
Pessoas Físicas;4345
Pessoas Físicas;4346
Pessoas Físicas;4347
Pessoas Físicas;4348
Pessoas Físicas;4349
Pessoas Físicas;4350
Pessoas Físicas;4351
Pessoas Físicas;4352
Pessoas Físicas;4353
Pessoas Físicas;4354
Pessoas Físicas;4355
Pessoas Físicas;4356
Pessoas Físicas;4357
Pessoas Físicas;4358
Pessoas Físicas;4359
Pessoas Físicas;4360
Pessoas Físicas;4361
Pessoas Físicas;4362
Pessoas Físicas;4363
Pessoas Físicas;4364
Pessoas Físicas;4365
Pessoas Físicas;4366
Pessoas Físicas;4367
Pessoas Físicas;4368
Pessoas Físicas;4369
Pessoas Físicas;4370
Pessoas Físicas;4371
Pessoas Físicas;4372
Pessoas Físicas;4373
Pessoas Físicas;4374
Pessoas Físicas;4375
Pessoas Físicas;4376
Pessoas Físicas;4377
Pessoas Físicas;4378
Pessoas Físicas;4379
Pessoas Físicas;4380
Pessoas Físicas;4381
Pessoas Físicas;4382
Pessoas Físicas;4383
Pessoas Físicas;4384
Pessoas Físicas;4385
Pessoas Físicas;4386
Pessoas Físicas;4387
Pessoas Físicas;4388
Pessoas Físicas;4389
Pessoas Físicas;4390
Pessoas Físicas;4391
Pessoas Físicas;4392
Pessoas Físicas;4393
Pessoas Físicas;4394
Pessoas Físicas;4395
Pessoas Físicas;4396
Pessoas Físicas;4397
Pessoas Físicas;4398
Pessoas Físicas;4399
Pessoas Físicas;4400
Pessoas Físicas;4401
Pessoas Físicas;4402
Pessoas Físicas;4403
Pessoas Físicas;4404
Pessoas Físicas;4405
Pessoas Físicas;4406
Pessoas Físicas;4407
Pessoas Físicas;4408
Pessoas Físicas;4409
Pessoas Físicas;4410
Pessoas Físicas;4411
Pessoas Físicas;4412
Pessoas Físicas;4413
Pessoas Físicas;4414
Pessoas Físicas;4415
Pessoas Físicas;4416
Pessoas Físicas;4417
Pessoas Físicas;4418
Pessoas Físicas;4419
Pessoas Físicas;4420
Pessoas Físicas;4421
Pessoas Físicas;4422
Pessoas Físicas;4423
Pessoas Físicas;4424
Pessoas Físicas;4425
Pessoas Físicas;4426
Pessoas Físicas;4427
Pessoas Físicas;4428
Pessoas Físicas;4429
Pessoas Físicas;4430
Pessoas Físicas;4431
Pessoas Físicas;4432
Pessoas Físicas;4433
Pessoas Físicas;4434
Pessoas Físicas;4435
Pessoas Físicas;4436
Pessoas Físicas;4437
Pessoas Físicas;4438
Pessoas Físicas;4439
Pessoas Físicas;4440
Pessoas Físicas;4441
Pessoas Físicas;4442
Pessoas Físicas;4443
Pessoas Físicas;4444
Pessoas Físicas;4445
Pessoas Físicas;4446
Pessoas Físicas;4447
Pessoas Físicas;4448
Pessoas Físicas;4449
Pessoas Físicas;4450
Pessoas Físicas;4451
Pessoas Físicas;4452
Pessoas Físicas;4453
Pessoas Físicas;4454
Pessoas Físicas;4455
Pessoas Físicas;4456
Pessoas Físicas;4457
Pessoas Físicas;4458
Pessoas Físicas;4459
Pessoas Físicas;4460
Pessoas Físicas;4461
Pessoas Físicas;4462
Pessoas Físicas;4463
Pessoas Físicas;4464
Pessoas Físicas;4465
Pessoas Físicas;4466
Pessoas Físicas;4467
Pessoas Físicas;4468
Pessoas Físicas;4469
Pessoas Físicas;4470
Pessoas Físicas;4471
Pessoas Físicas;4472
Pessoas Físicas;4473
Pessoas Físicas;4474
Pessoas Físicas;4475
Pessoas Físicas;4476
Pessoas Físicas;4477
Pessoas Físicas;4478
Pessoas Físicas;4479
Pessoas Físicas;4480
Pessoas Físicas;4481
Pessoas Físicas;4482
Pessoas Físicas;4483
Pessoas Físicas;4484
Pessoas Físicas;4485
Pessoas Físicas;4486
Pessoas Físicas;4487
Pessoas Físicas;4488
Pessoas Físicas;4489
Pessoas Físicas;4490
Pessoas Físicas;4491
Pessoas Físicas;4492
Pessoas Físicas;4493
Pessoas Físicas;4494
Pessoas Físicas;4495
Pessoas Físicas;4496
Pessoas Físicas;4497
Pessoas Físicas;4498
Pessoas Físicas;4499
Pessoas Físicas;4500
Pessoas Físicas;4501
Pessoas Físicas;4502
Pessoas Físicas;4503
Pessoas Físicas;4504
Pessoas Físicas;4505
Pessoas Físicas;4506
Pessoas Físicas;4507
Pessoas Físicas;4508
Pessoas Físicas;4509
Pessoas Físicas;4510
Pessoas Físicas;4511
Pessoas Físicas;4512
Pessoas Físicas;4513
Pessoas Físicas;4514
Pessoas Físicas;4515
Pessoas Físicas;4516
Pessoas Físicas;4517
Pessoas Físicas;4518
Pessoas Físicas;4519
Pessoas Físicas;4520
Pessoas Físicas;4521
Pessoas Físicas;4522
Pessoas Físicas;4523
Pessoas Físicas;4524
Pessoas Físicas;4525
Pessoas Físicas;4526
Pessoas Físicas;4527
Pessoas Físicas;4528
Pessoas Físicas;4529
Pessoas Físicas;4530
Pessoas Físicas;4531
Pessoas Físicas;4532
Pessoas Físicas;4533
Pessoas Físicas;4534
Pessoas Físicas;4535
Pessoas Físicas;4536
Pessoas Físicas;4537
Pessoas Físicas;4538
Pessoas Físicas;4539
Pessoas Físicas;4540
Pessoas Físicas;4541
Pessoas Físicas;4542
Pessoas Físicas;4543
Pessoas Físicas;4544
Pessoas Físicas;4545
Pessoas Físicas;4546
Pessoas Físicas;4547
Pessoas Físicas;4548
Pessoas Físicas;4549
Pessoas Físicas;4550
Pessoas Físicas;4551
Pessoas Físicas;4552
Pessoas Físicas;4553
Pessoas Físicas;4554
Pessoas Físicas;4555
Pessoas Físicas;4556
Pessoas Físicas;4557
Pessoas Físicas;4558
Pessoas Físicas;4559
Pessoas Físicas;4560
Pessoas Físicas;4561
Pessoas Físicas;4562
Pessoas Físicas;4563
Pessoas Físicas;4564
Pessoas Físicas;4565
Pessoas Físicas;4566
Pessoas Físicas;4567
Pessoas Físicas;4568
Pessoas Físicas;4569
Pessoas Físicas;4570
Pessoas Físicas;4571
Pessoas Físicas;4572
Pessoas Físicas;4573
Pessoas Físicas;4574
Pessoas Físicas;4575
Pessoas Físicas;4576
Pessoas Físicas;4577
Pessoas Físicas;4578
Pessoas Físicas;4579
Pessoas Físicas;4580
Pessoas Físicas;4581
Pessoas Físicas;4582
Pessoas Físicas;4583
Pessoas Físicas;4584
Pessoas Físicas;4585
Pessoas Físicas;4586
Pessoas Físicas;4587
Pessoas Físicas;4588
Pessoas Físicas;4589
Pessoas Físicas;4590
Pessoas Físicas;4591
Pessoas Físicas;4592
Pessoas Físicas;4593
Pessoas Físicas;4594
Pessoas Físicas;4595
Pessoas Físicas;4596
Pessoas Físicas;4597
Pessoas Físicas;4598
Pessoas Físicas;4599
Pessoas Físicas;4600
Pessoas Físicas;4601
Pessoas Físicas;4602
Pessoas Físicas;4603
Pessoas Físicas;4604
Pessoas Físicas;4605
Pessoas Físicas;4606
Pessoas Físicas;4607
Pessoas Físicas;4608
Pessoas Físicas;4609
Pessoas Físicas;4610
Pessoas Físicas;4611
Pessoas Físicas;4612
Pessoas Físicas;4613
Pessoas Físicas;4614
Pessoas Físicas;4615
Pessoas Físicas;4616
Pessoas Físicas;4617
Pessoas Físicas;4618
Pessoas Físicas;4619
Pessoas Físicas;4620
Pessoas Físicas;4621
Pessoas Físicas;4622
Pessoas Físicas;4623
Pessoas Físicas;4624
Pessoas Físicas;4625
Pessoas Físicas;4626
Pessoas Físicas;4627
Pessoas Físicas;4628
Pessoas Físicas;4629
Pessoas Físicas;4630
Pessoas Físicas;4631
Pessoas Físicas;4632
Pessoas Físicas;4633
Pessoas Físicas;4634
Pessoas Físicas;4635
Pessoas Físicas;4636
Pessoas Físicas;4637
Pessoas Físicas;4638
Pessoas Físicas;4639
Pessoas Físicas;4640
Pessoas Físicas;4641
Pessoas Físicas;4642
Pessoas Físicas;4643
Pessoas Físicas;4644
Pessoas Físicas;4645
Pessoas Físicas;4646
Pessoas Físicas;4647
Pessoas Físicas;4648
Pessoas Físicas;4649
Pessoas Físicas;4650
Pessoas Físicas;4651
Pessoas Físicas;4652
Pessoas Físicas;4653
Pessoas Físicas;4654
Pessoas Físicas;4655
Pessoas Físicas;4656
Pessoas Físicas;4657
Pessoas Físicas;4658
Pessoas Físicas;4659
Pessoas Físicas;4660
Pessoas Físicas;4661
Pessoas Físicas;4662
Pessoas Físicas;4663
Pessoas Físicas;4664
Pessoas Físicas;4665
Pessoas Físicas;4666
Pessoas Físicas;4667
Pessoas Físicas;4668
Pessoas Físicas;4669
Pessoas Físicas;4670
Pessoas Físicas;4671
Pessoas Físicas;4672
Pessoas Físicas;4673
Pessoas Físicas;4674
Pessoas Físicas;4675
Pessoas Físicas;4676
Pessoas Físicas;4677
Pessoas Físicas;4678
Pessoas Físicas;4679
Pessoas Físicas;4680
Pessoas Físicas;4681
Pessoas Físicas;4682
Pessoas Físicas;4683
Pessoas Físicas;4684
Pessoas Físicas;4685
Pessoas Físicas;4686
Pessoas Físicas;4687
Pessoas Físicas;4688
Pessoas Físicas;4689
Pessoas Físicas;4690
Pessoas Físicas;4691
Pessoas Físicas;4692
Pessoas Físicas;4693
Pessoas Físicas;4694
Pessoas Físicas;4695
Pessoas Físicas;4696
Pessoas Físicas;4697
Pessoas Físicas;4698
Pessoas Físicas;4699
Pessoas Físicas;4700
Pessoas Físicas;4701
Pessoas Físicas;4702
Pessoas Físicas;4703
Pessoas Físicas;4704
Pessoas Físicas;4705
Pessoas Físicas;4706
Pessoas Físicas;4707
Pessoas Físicas;4708
Pessoas Físicas;4709
Pessoas Físicas;4710
Pessoas Físicas;4711
Pessoas Físicas;4712
Pessoas Físicas;4713
Pessoas Físicas;4714
Pessoas Físicas;4715
Pessoas Físicas;4716
Pessoas Físicas;4717
Pessoas Físicas;4718
Pessoas Físicas;4719
Pessoas Físicas;4720
Pessoas Físicas;4721
Pessoas Físicas;4722
Pessoas Físicas;4723
Pessoas Físicas;4724
Pessoas Físicas;4725
Pessoas Físicas;4726
Pessoas Físicas;4727
Pessoas Físicas;4728
Pessoas Físicas;4729
Pessoas Físicas;4730
Pessoas Físicas;4731
Pessoas Físicas;4732
Pessoas Físicas;4733
Pessoas Físicas;4734
Pessoas Físicas;4735
Pessoas Físicas;4736
Pessoas Físicas;4737
Pessoas Físicas;4738
Pessoas Físicas;4739
Pessoas Físicas;4740
Pessoas Físicas;4741
Pessoas Físicas;4742
Pessoas Físicas;4743
Pessoas Físicas;4744
Pessoas Físicas;4745
Pessoas Físicas;4746
Pessoas Físicas;4747
Pessoas Físicas;4748
Pessoas Físicas;4749
Pessoas Físicas;4750
Pessoas Físicas;4751
Pessoas Físicas;4752
Pessoas Físicas;4753
Pessoas Físicas;4754
Pessoas Físicas;4755
Pessoas Físicas;4756
Pessoas Físicas;4757
Pessoas Físicas;4758
Pessoas Físicas;4759
Pessoas Físicas;4760
Pessoas Físicas;4761
Pessoas Físicas;4762
Pessoas Físicas;4763
Pessoas Físicas;4764
Pessoas Físicas;4765
Pessoas Físicas;4766
Pessoas Físicas;4767
Pessoas Físicas;4768
Pessoas Físicas;4769
Pessoas Físicas;4770
Pessoas Físicas;4771
Pessoas Físicas;4772
Pessoas Físicas;4773
Pessoas Físicas;4774
Pessoas Físicas;4775
Pessoas Físicas;4776
Pessoas Físicas;4777
Pessoas Físicas;4778
Pessoas Físicas;4779
Pessoas Físicas;4780
Pessoas Físicas;4781
Pessoas Físicas;4782
Pessoas Físicas;4783
Pessoas Físicas;4784
Pessoas Físicas;4785
Pessoas Físicas;4786
Pessoas Físicas;4787
Pessoas Físicas;4788
Pessoas Físicas;4789
Pessoas Físicas;4790
Pessoas Físicas;4791
Pessoas Físicas;4792
Pessoas Físicas;4793
Pessoas Físicas;4794
Pessoas Físicas;4795
Pessoas Físicas;4796
Pessoas Físicas;4797
Pessoas Físicas;4798
Pessoas Físicas;4799
Pessoas Físicas;4800
Pessoas Físicas;4801
Pessoas Físicas;4802
Pessoas Físicas;4803
Pessoas Físicas;4804
Pessoas Físicas;4805
Pessoas Físicas;4806
Pessoas Físicas;4807
Pessoas Físicas;4808
Pessoas Físicas;4809
Pessoas Físicas;4810
Pessoas Físicas;4811
Pessoas Físicas;4812
Pessoas Físicas;4813
Pessoas Físicas;4814
Pessoas Físicas;4815
Pessoas Físicas;4816
Pessoas Físicas;4817
Pessoas Físicas;4818
Pessoas Físicas;4819
Pessoas Físicas;4820
Pessoas Físicas;4821
Pessoas Físicas;4822
Pessoas Físicas;4823
Pessoas Físicas;4824
Pessoas Físicas;4825
Pessoas Físicas;4826
Pessoas Físicas;4827
Pessoas Físicas;4828
Pessoas Físicas;4829
Pessoas Físicas;4830
Pessoas Físicas;4831
Pessoas Físicas;4832
Pessoas Físicas;4833
Pessoas Físicas;4834
Pessoas Físicas;4835
Pessoas Físicas;4836
Pessoas Físicas;4837
Pessoas Físicas;4838
Pessoas Físicas;4839
Pessoas Físicas;4840
Pessoas Físicas;4841
Pessoas Físicas;4842
Pessoas Físicas;4843
Pessoas Físicas;4844
Pessoas Físicas;4845
Pessoas Físicas;4846
Pessoas Físicas;4847
Pessoas Físicas;4848
Pessoas Físicas;4849
Pessoas Físicas;4850
Pessoas Físicas;4851
Pessoas Físicas;4852
Pessoas Físicas;4853
Pessoas Físicas;4854
Pessoas Físicas;4855
Pessoas Físicas;4856
Pessoas Físicas;4857
Pessoas Físicas;4858
Pessoas Físicas;4859
Pessoas Físicas;4860
Pessoas Físicas;4861
Pessoas Físicas;4862
Pessoas Físicas;4863
Pessoas Físicas;4864
Pessoas Físicas;4865
Pessoas Físicas;4866
Pessoas Físicas;4867
Pessoas Físicas;4868
Pessoas Físicas;4869
Pessoas Físicas;4870
Pessoas Físicas;4871
Pessoas Físicas;4872
Pessoas Físicas;4873
Pessoas Físicas;4874
Pessoas Físicas;4875
Pessoas Físicas;4876
Pessoas Físicas;4877
Pessoas Físicas;4878
Pessoas Físicas;4879
Pessoas Físicas;4880
Pessoas Físicas;4881
Pessoas Físicas;4882
Pessoas Físicas;4883
Pessoas Físicas;4884
Pessoas Físicas;4885
Pessoas Físicas;4886
Pessoas Físicas;4887
Pessoas Físicas;4888
Pessoas Físicas;4889
Pessoas Físicas;4890
Pessoas Físicas;4891
Pessoas Físicas;4892
Pessoas Físicas;4893
Pessoas Físicas;4894
Pessoas Físicas;4895
Pessoas Físicas;4896
Pessoas Físicas;4897
Pessoas Físicas;4898
Pessoas Físicas;4899
Pessoas Físicas;4900
Pessoas Físicas;4901
Pessoas Físicas;4902
Pessoas Físicas;4903
Pessoas Físicas;4904
Pessoas Físicas;4905
Pessoas Físicas;4906
Pessoas Físicas;4907
Pessoas Físicas;4908
Pessoas Físicas;4909
Pessoas Físicas;4910
Pessoas Físicas;4911
Pessoas Físicas;4912
Pessoas Físicas;4913
Pessoas Físicas;4914
Pessoas Físicas;4915
Pessoas Físicas;4916
Pessoas Físicas;4917
Pessoas Físicas;4918
Pessoas Físicas;4919
Pessoas Físicas;4920
Pessoas Físicas;4921
Pessoas Físicas;4922
Pessoas Físicas;4923
Pessoas Físicas;4924
Pessoas Físicas;4925
Pessoas Físicas;4926
Pessoas Físicas;4927
Pessoas Físicas;4928
Pessoas Físicas;4929
Pessoas Físicas;4930
Pessoas Físicas;4931
Pessoas Físicas;4932
Pessoas Físicas;4933
Pessoas Físicas;4934
Pessoas Físicas;4935
Pessoas Físicas;4936
Pessoas Físicas;4937
Pessoas Físicas;4938
Pessoas Físicas;4939
Pessoas Físicas;4940
Pessoas Físicas;4941
Pessoas Físicas;4942
Pessoas Físicas;4943
Pessoas Físicas;4944
Pessoas Físicas;4945
Pessoas Físicas;4946
Pessoas Físicas;4947
Pessoas Físicas;4948
Pessoas Físicas;4949
Pessoas Físicas;4950
Pessoas Físicas;4951
Pessoas Físicas;4952
Pessoas Físicas;4953
Pessoas Físicas;4954
Pessoas Físicas;4955
Pessoas Físicas;4956
Pessoas Físicas;4957
Pessoas Físicas;4958
Pessoas Físicas;4959
Pessoas Físicas;4960
Pessoas Físicas;4961
Pessoas Físicas;4962
Pessoas Físicas;4963
Pessoas Físicas;4964
Pessoas Físicas;4965
Pessoas Físicas;4966
Pessoas Físicas;4967
Pessoas Físicas;4968
Pessoas Físicas;4969
Pessoas Físicas;4970
Pessoas Físicas;4971
Pessoas Físicas;4972
Pessoas Físicas;4973
Pessoas Físicas;4974
Pessoas Físicas;4975
Pessoas Físicas;4976
Pessoas Físicas;4977
Pessoas Físicas;4978
Pessoas Físicas;4979
Pessoas Físicas;4980
Pessoas Físicas;4981
Pessoas Físicas;4982
Pessoas Físicas;4983
Pessoas Físicas;4984
Pessoas Físicas;4985
Pessoas Físicas;4986
Pessoas Físicas;4987
Pessoas Físicas;4988
Pessoas Físicas;4989
Pessoas Físicas;4990
Pessoas Físicas;4991
Pessoas Físicas;4992
Pessoas Físicas;4993
Pessoas Físicas;4994
Pessoas Físicas;4995
Pessoas Físicas;4996
Pessoas Físicas;4997
Pessoas Físicas;4998
Pessoas Físicas;4999
Instituições Extraterritoriais;5000
Instituições Extraterritoriais;5001
Instituições Extraterritoriais;5002
Instituições Extraterritoriais;5003
Instituições Extraterritoriais;5004
Instituições Extraterritoriais;5005
Instituições Extraterritoriais;5006
Instituições Extraterritoriais;5007
Instituições Extraterritoriais;5008
Instituições Extraterritoriais;5009
Instituições Extraterritoriais;5010
Instituições Extraterritoriais;5011
Instituições Extraterritoriais;5012
Instituições Extraterritoriais;5013
Instituições Extraterritoriais;5014
Instituições Extraterritoriais;5015
Instituições Extraterritoriais;5016
Instituições Extraterritoriais;5017
Instituições Extraterritoriais;5018
Instituições Extraterritoriais;5019
Instituições Extraterritoriais;5020
Instituições Extraterritoriais;5021
Instituições Extraterritoriais;5022
Instituições Extraterritoriais;5023
Instituições Extraterritoriais;5024
Instituições Extraterritoriais;5025
Instituições Extraterritoriais;5026
Instituições Extraterritoriais;5027
Instituições Extraterritoriais;5028
Instituições Extraterritoriais;5029
Instituições Extraterritoriais;5030
Instituições Extraterritoriais;5031
Instituições Extraterritoriais;5032
Instituições Extraterritoriais;5033
Instituições Extraterritoriais;5034
Instituições Extraterritoriais;5035
Instituições Extraterritoriais;5036
Instituições Extraterritoriais;5037
Instituições Extraterritoriais;5038
Instituições Extraterritoriais;5039
Instituições Extraterritoriais;5040
Instituições Extraterritoriais;5041
Instituições Extraterritoriais;5042
Instituições Extraterritoriais;5043
Instituições Extraterritoriais;5044
Instituições Extraterritoriais;5045
Instituições Extraterritoriais;5046
Instituições Extraterritoriais;5047
Instituições Extraterritoriais;5048
Instituições Extraterritoriais;5049
Instituições Extraterritoriais;5050
Instituições Extraterritoriais;5051
Instituições Extraterritoriais;5052
Instituições Extraterritoriais;5053
Instituições Extraterritoriais;5054
Instituições Extraterritoriais;5055
Instituições Extraterritoriais;5056
Instituições Extraterritoriais;5057
Instituições Extraterritoriais;5058
Instituições Extraterritoriais;5059
Instituições Extraterritoriais;5060
Instituições Extraterritoriais;5061
Instituições Extraterritoriais;5062
Instituições Extraterritoriais;5063
Instituições Extraterritoriais;5064
Instituições Extraterritoriais;5065
Instituições Extraterritoriais;5066
Instituições Extraterritoriais;5067
Instituições Extraterritoriais;5068
Instituições Extraterritoriais;5069
Instituições Extraterritoriais;5070
Instituições Extraterritoriais;5071
Instituições Extraterritoriais;5072
Instituições Extraterritoriais;5073
Instituições Extraterritoriais;5074
Instituições Extraterritoriais;5075
Instituições Extraterritoriais;5076
Instituições Extraterritoriais;5077
Instituições Extraterritoriais;5078
Instituições Extraterritoriais;5079
Instituições Extraterritoriais;5080
Instituições Extraterritoriais;5081
Instituições Extraterritoriais;5082
Instituições Extraterritoriais;5083
Instituições Extraterritoriais;5084
Instituições Extraterritoriais;5085
Instituições Extraterritoriais;5086
Instituições Extraterritoriais;5087
Instituições Extraterritoriais;5088
Instituições Extraterritoriais;5089
Instituições Extraterritoriais;5090
Instituições Extraterritoriais;5091
Instituições Extraterritoriais;5092
Instituições Extraterritoriais;5093
Instituições Extraterritoriais;5094
Instituições Extraterritoriais;5095
Instituições Extraterritoriais;5096
Instituições Extraterritoriais;5097
Instituições Extraterritoriais;5098
Instituições Extraterritoriais;5099
Instituições Extraterritoriais;5100
Instituições Extraterritoriais;5101
Instituições Extraterritoriais;5102
Instituições Extraterritoriais;5103
Instituições Extraterritoriais;5104
Instituições Extraterritoriais;5105
Instituições Extraterritoriais;5106
Instituições Extraterritoriais;5107
Instituições Extraterritoriais;5108
Instituições Extraterritoriais;5109
Instituições Extraterritoriais;5110
Instituições Extraterritoriais;5111
Instituições Extraterritoriais;5112
Instituições Extraterritoriais;5113
Instituições Extraterritoriais;5114
Instituições Extraterritoriais;5115
Instituições Extraterritoriais;5116
Instituições Extraterritoriais;5117
Instituições Extraterritoriais;5118
Instituições Extraterritoriais;5119
Instituições Extraterritoriais;5120
Instituições Extraterritoriais;5121
Instituições Extraterritoriais;5122
Instituições Extraterritoriais;5123
Instituições Extraterritoriais;5124
Instituições Extraterritoriais;5125
Instituições Extraterritoriais;5126
Instituições Extraterritoriais;5127
Instituições Extraterritoriais;5128
Instituições Extraterritoriais;5129
Instituições Extraterritoriais;5130
Instituições Extraterritoriais;5131
Instituições Extraterritoriais;5132
Instituições Extraterritoriais;5133
Instituições Extraterritoriais;5134
Instituições Extraterritoriais;5135
Instituições Extraterritoriais;5136
Instituições Extraterritoriais;5137
Instituições Extraterritoriais;5138
Instituições Extraterritoriais;5139
Instituições Extraterritoriais;5140
Instituições Extraterritoriais;5141
Instituições Extraterritoriais;5142
Instituições Extraterritoriais;5143
Instituições Extraterritoriais;5144
Instituições Extraterritoriais;5145
Instituições Extraterritoriais;5146
Instituições Extraterritoriais;5147
Instituições Extraterritoriais;5148
Instituições Extraterritoriais;5149
Instituições Extraterritoriais;5150
Instituições Extraterritoriais;5151
Instituições Extraterritoriais;5152
Instituições Extraterritoriais;5153
Instituições Extraterritoriais;5154
Instituições Extraterritoriais;5155
Instituições Extraterritoriais;5156
Instituições Extraterritoriais;5157
Instituições Extraterritoriais;5158
Instituições Extraterritoriais;5159
Instituições Extraterritoriais;5160
Instituições Extraterritoriais;5161
Instituições Extraterritoriais;5162
Instituições Extraterritoriais;5163
Instituições Extraterritoriais;5164
Instituições Extraterritoriais;5165
Instituições Extraterritoriais;5166
Instituições Extraterritoriais;5167
Instituições Extraterritoriais;5168
Instituições Extraterritoriais;5169
Instituições Extraterritoriais;5170
Instituições Extraterritoriais;5171
Instituições Extraterritoriais;5172
Instituições Extraterritoriais;5173
Instituições Extraterritoriais;5174
Instituições Extraterritoriais;5175
Instituições Extraterritoriais;5176
Instituições Extraterritoriais;5177
Instituições Extraterritoriais;5178
Instituições Extraterritoriais;5179
Instituições Extraterritoriais;5180
Instituições Extraterritoriais;5181
Instituições Extraterritoriais;5182
Instituições Extraterritoriais;5183
Instituições Extraterritoriais;5184
Instituições Extraterritoriais;5185
Instituições Extraterritoriais;5186
Instituições Extraterritoriais;5187
Instituições Extraterritoriais;5188
Instituições Extraterritoriais;5189
Instituições Extraterritoriais;5190
Instituições Extraterritoriais;5191
Instituições Extraterritoriais;5192
Instituições Extraterritoriais;5193
Instituições Extraterritoriais;5194
Instituições Extraterritoriais;5195
Instituições Extraterritoriais;5196
Instituições Extraterritoriais;5197
Instituições Extraterritoriais;5198
Instituições Extraterritoriais;5199
Instituições Extraterritoriais;5200
Instituições Extraterritoriais;5201
Instituições Extraterritoriais;5202
Instituições Extraterritoriais;5203
Instituições Extraterritoriais;5204
Instituições Extraterritoriais;5205
Instituições Extraterritoriais;5206
Instituições Extraterritoriais;5207
Instituições Extraterritoriais;5208
Instituições Extraterritoriais;5209
Instituições Extraterritoriais;5210
Instituições Extraterritoriais;5211
Instituições Extraterritoriais;5212
Instituições Extraterritoriais;5213
Instituições Extraterritoriais;5214
Instituições Extraterritoriais;5215
Instituições Extraterritoriais;5216
Instituições Extraterritoriais;5217
Instituições Extraterritoriais;5218
Instituições Extraterritoriais;5219
Instituições Extraterritoriais;5220
Instituições Extraterritoriais;5221
Instituições Extraterritoriais;5222
Instituições Extraterritoriais;5223
Instituições Extraterritoriais;5224
Instituições Extraterritoriais;5225
Instituições Extraterritoriais;5226
Instituições Extraterritoriais;5227
Instituições Extraterritoriais;5228
Instituições Extraterritoriais;5229
Instituições Extraterritoriais;5230
Instituições Extraterritoriais;5231
Instituições Extraterritoriais;5232
Instituições Extraterritoriais;5233
Instituições Extraterritoriais;5234
Instituições Extraterritoriais;5235
Instituições Extraterritoriais;5236
Instituições Extraterritoriais;5237
Instituições Extraterritoriais;5238
Instituições Extraterritoriais;5239
Instituições Extraterritoriais;5240
Instituições Extraterritoriais;5241
Instituições Extraterritoriais;5242
Instituições Extraterritoriais;5243
Instituições Extraterritoriais;5244
Instituições Extraterritoriais;5245
Instituições Extraterritoriais;5246
Instituições Extraterritoriais;5247
Instituições Extraterritoriais;5248
Instituições Extraterritoriais;5249
Instituições Extraterritoriais;5250
Instituições Extraterritoriais;5251
Instituições Extraterritoriais;5252
Instituições Extraterritoriais;5253
Instituições Extraterritoriais;5254
Instituições Extraterritoriais;5255
Instituições Extraterritoriais;5256
Instituições Extraterritoriais;5257
Instituições Extraterritoriais;5258
Instituições Extraterritoriais;5259
Instituições Extraterritoriais;5260
Instituições Extraterritoriais;5261
Instituições Extraterritoriais;5262
Instituições Extraterritoriais;5263
Instituições Extraterritoriais;5264
Instituições Extraterritoriais;5265
Instituições Extraterritoriais;5266
Instituições Extraterritoriais;5267
Instituições Extraterritoriais;5268
Instituições Extraterritoriais;5269
Instituições Extraterritoriais;5270
Instituições Extraterritoriais;5271
Instituições Extraterritoriais;5272
Instituições Extraterritoriais;5273
Instituições Extraterritoriais;5274
Instituições Extraterritoriais;5275
Instituições Extraterritoriais;5276
Instituições Extraterritoriais;5277
Instituições Extraterritoriais;5278
Instituições Extraterritoriais;5279
Instituições Extraterritoriais;5280
Instituições Extraterritoriais;5281
Instituições Extraterritoriais;5282
Instituições Extraterritoriais;5283
Instituições Extraterritoriais;5284
Instituições Extraterritoriais;5285
Instituições Extraterritoriais;5286
Instituições Extraterritoriais;5287
Instituições Extraterritoriais;5288
Instituições Extraterritoriais;5289
Instituições Extraterritoriais;5290
Instituições Extraterritoriais;5291
Instituições Extraterritoriais;5292
Instituições Extraterritoriais;5293
Instituições Extraterritoriais;5294
Instituições Extraterritoriais;5295
Instituições Extraterritoriais;5296
Instituições Extraterritoriais;5297
Instituições Extraterritoriais;5298
Instituições Extraterritoriais;5299
Instituições Extraterritoriais;5300
Instituições Extraterritoriais;5301
Instituições Extraterritoriais;5302
Instituições Extraterritoriais;5303
Instituições Extraterritoriais;5304
Instituições Extraterritoriais;5305
Instituições Extraterritoriais;5306
Instituições Extraterritoriais;5307
Instituições Extraterritoriais;5308
Instituições Extraterritoriais;5309
Instituições Extraterritoriais;5310
Instituições Extraterritoriais;5311
Instituições Extraterritoriais;5312
Instituições Extraterritoriais;5313
Instituições Extraterritoriais;5314
Instituições Extraterritoriais;5315
Instituições Extraterritoriais;5316
Instituições Extraterritoriais;5317
Instituições Extraterritoriais;5318
Instituições Extraterritoriais;5319
Instituições Extraterritoriais;5320
Instituições Extraterritoriais;5321
Instituições Extraterritoriais;5322
Instituições Extraterritoriais;5323
Instituições Extraterritoriais;5324
Instituições Extraterritoriais;5325
Instituições Extraterritoriais;5326
Instituições Extraterritoriais;5327
Instituições Extraterritoriais;5328
Instituições Extraterritoriais;5329
Instituições Extraterritoriais;5330
Instituições Extraterritoriais;5331
Instituições Extraterritoriais;5332
Instituições Extraterritoriais;5333
Instituições Extraterritoriais;5334
Instituições Extraterritoriais;5335
Instituições Extraterritoriais;5336
Instituições Extraterritoriais;5337
Instituições Extraterritoriais;5338
Instituições Extraterritoriais;5339
Instituições Extraterritoriais;5340
Instituições Extraterritoriais;5341
Instituições Extraterritoriais;5342
Instituições Extraterritoriais;5343
Instituições Extraterritoriais;5344
Instituições Extraterritoriais;5345
Instituições Extraterritoriais;5346
Instituições Extraterritoriais;5347
Instituições Extraterritoriais;5348
Instituições Extraterritoriais;5349
Instituições Extraterritoriais;5350
Instituições Extraterritoriais;5351
Instituições Extraterritoriais;5352
Instituições Extraterritoriais;5353
Instituições Extraterritoriais;5354
Instituições Extraterritoriais;5355
Instituições Extraterritoriais;5356
Instituições Extraterritoriais;5357
Instituições Extraterritoriais;5358
Instituições Extraterritoriais;5359
Instituições Extraterritoriais;5360
Instituições Extraterritoriais;5361
Instituições Extraterritoriais;5362
Instituições Extraterritoriais;5363
Instituições Extraterritoriais;5364
Instituições Extraterritoriais;5365
Instituições Extraterritoriais;5366
Instituições Extraterritoriais;5367
Instituições Extraterritoriais;5368
Instituições Extraterritoriais;5369
Instituições Extraterritoriais;5370
Instituições Extraterritoriais;5371
Instituições Extraterritoriais;5372
Instituições Extraterritoriais;5373
Instituições Extraterritoriais;5374
Instituições Extraterritoriais;5375
Instituições Extraterritoriais;5376
Instituições Extraterritoriais;5377
Instituições Extraterritoriais;5378
Instituições Extraterritoriais;5379
Instituições Extraterritoriais;5380
Instituições Extraterritoriais;5381
Instituições Extraterritoriais;5382
Instituições Extraterritoriais;5383
Instituições Extraterritoriais;5384
Instituições Extraterritoriais;5385
Instituições Extraterritoriais;5386
Instituições Extraterritoriais;5387
Instituições Extraterritoriais;5388
Instituições Extraterritoriais;5389
Instituições Extraterritoriais;5390
Instituições Extraterritoriais;5391
Instituições Extraterritoriais;5392
Instituições Extraterritoriais;5393
Instituições Extraterritoriais;5394
Instituições Extraterritoriais;5395
Instituições Extraterritoriais;5396
Instituições Extraterritoriais;5397
Instituições Extraterritoriais;5398
Instituições Extraterritoriais;5399
Instituições Extraterritoriais;5400
Instituições Extraterritoriais;5401
Instituições Extraterritoriais;5402
Instituições Extraterritoriais;5403
Instituições Extraterritoriais;5404
Instituições Extraterritoriais;5405
Instituições Extraterritoriais;5406
Instituições Extraterritoriais;5407
Instituições Extraterritoriais;5408
Instituições Extraterritoriais;5409
Instituições Extraterritoriais;5410
Instituições Extraterritoriais;5411
Instituições Extraterritoriais;5412
Instituições Extraterritoriais;5413
Instituições Extraterritoriais;5414
Instituições Extraterritoriais;5415
Instituições Extraterritoriais;5416
Instituições Extraterritoriais;5417
Instituições Extraterritoriais;5418
Instituições Extraterritoriais;5419
Instituições Extraterritoriais;5420
Instituições Extraterritoriais;5421
Instituições Extraterritoriais;5422
Instituições Extraterritoriais;5423
Instituições Extraterritoriais;5424
Instituições Extraterritoriais;5425
Instituições Extraterritoriais;5426
Instituições Extraterritoriais;5427
Instituições Extraterritoriais;5428
Instituições Extraterritoriais;5429
Instituições Extraterritoriais;5430
Instituições Extraterritoriais;5431
Instituições Extraterritoriais;5432
Instituições Extraterritoriais;5433
Instituições Extraterritoriais;5434
Instituições Extraterritoriais;5435
Instituições Extraterritoriais;5436
Instituições Extraterritoriais;5437
Instituições Extraterritoriais;5438
Instituições Extraterritoriais;5439
Instituições Extraterritoriais;5440
Instituições Extraterritoriais;5441
Instituições Extraterritoriais;5442
Instituições Extraterritoriais;5443
Instituições Extraterritoriais;5444
Instituições Extraterritoriais;5445
Instituições Extraterritoriais;5446
Instituições Extraterritoriais;5447
Instituições Extraterritoriais;5448
Instituições Extraterritoriais;5449
Instituições Extraterritoriais;5450
Instituições Extraterritoriais;5451
Instituições Extraterritoriais;5452
Instituições Extraterritoriais;5453
Instituições Extraterritoriais;5454
Instituições Extraterritoriais;5455
Instituições Extraterritoriais;5456
Instituições Extraterritoriais;5457
Instituições Extraterritoriais;5458
Instituições Extraterritoriais;5459
Instituições Extraterritoriais;5460
Instituições Extraterritoriais;5461
Instituições Extraterritoriais;5462
Instituições Extraterritoriais;5463
Instituições Extraterritoriais;5464
Instituições Extraterritoriais;5465
Instituições Extraterritoriais;5466
Instituições Extraterritoriais;5467
Instituições Extraterritoriais;5468
Instituições Extraterritoriais;5469
Instituições Extraterritoriais;5470
Instituições Extraterritoriais;5471
Instituições Extraterritoriais;5472
Instituições Extraterritoriais;5473
Instituições Extraterritoriais;5474
Instituições Extraterritoriais;5475
Instituições Extraterritoriais;5476
Instituições Extraterritoriais;5477
Instituições Extraterritoriais;5478
Instituições Extraterritoriais;5479
Instituições Extraterritoriais;5480
Instituições Extraterritoriais;5481
Instituições Extraterritoriais;5482
Instituições Extraterritoriais;5483
Instituições Extraterritoriais;5484
Instituições Extraterritoriais;5485
Instituições Extraterritoriais;5486
Instituições Extraterritoriais;5487
Instituições Extraterritoriais;5488
Instituições Extraterritoriais;5489
Instituições Extraterritoriais;5490
Instituições Extraterritoriais;5491
Instituições Extraterritoriais;5492
Instituições Extraterritoriais;5493
Instituições Extraterritoriais;5494
Instituições Extraterritoriais;5495
Instituições Extraterritoriais;5496
Instituições Extraterritoriais;5497
Instituições Extraterritoriais;5498
Instituições Extraterritoriais;5499
Instituições Extraterritoriais;5500
Instituições Extraterritoriais;5501
Instituições Extraterritoriais;5502
Instituições Extraterritoriais;5503
Instituições Extraterritoriais;5504
Instituições Extraterritoriais;5505
Instituições Extraterritoriais;5506
Instituições Extraterritoriais;5507
Instituições Extraterritoriais;5508
Instituições Extraterritoriais;5509
Instituições Extraterritoriais;5510
Instituições Extraterritoriais;5511
Instituições Extraterritoriais;5512
Instituições Extraterritoriais;5513
Instituições Extraterritoriais;5514
Instituições Extraterritoriais;5515
Instituições Extraterritoriais;5516
Instituições Extraterritoriais;5517
Instituições Extraterritoriais;5518
Instituições Extraterritoriais;5519
Instituições Extraterritoriais;5520
Instituições Extraterritoriais;5521
Instituições Extraterritoriais;5522
Instituições Extraterritoriais;5523
Instituições Extraterritoriais;5524
Instituições Extraterritoriais;5525
Instituições Extraterritoriais;5526
Instituições Extraterritoriais;5527
Instituições Extraterritoriais;5528
Instituições Extraterritoriais;5529
Instituições Extraterritoriais;5530
Instituições Extraterritoriais;5531
Instituições Extraterritoriais;5532
Instituições Extraterritoriais;5533
Instituições Extraterritoriais;5534
Instituições Extraterritoriais;5535
Instituições Extraterritoriais;5536
Instituições Extraterritoriais;5537
Instituições Extraterritoriais;5538
Instituições Extraterritoriais;5539
Instituições Extraterritoriais;5540
Instituições Extraterritoriais;5541
Instituições Extraterritoriais;5542
Instituições Extraterritoriais;5543
Instituições Extraterritoriais;5544
Instituições Extraterritoriais;5545
Instituições Extraterritoriais;5546
Instituições Extraterritoriais;5547
Instituições Extraterritoriais;5548
Instituições Extraterritoriais;5549
Instituições Extraterritoriais;5550
Instituições Extraterritoriais;5551
Instituições Extraterritoriais;5552
Instituições Extraterritoriais;5553
Instituições Extraterritoriais;5554
Instituições Extraterritoriais;5555
Instituições Extraterritoriais;5556
Instituições Extraterritoriais;5557
Instituições Extraterritoriais;5558
Instituições Extraterritoriais;5559
Instituições Extraterritoriais;5560
Instituições Extraterritoriais;5561
Instituições Extraterritoriais;5562
Instituições Extraterritoriais;5563
Instituições Extraterritoriais;5564
Instituições Extraterritoriais;5565
Instituições Extraterritoriais;5566
Instituições Extraterritoriais;5567
Instituições Extraterritoriais;5568
Instituições Extraterritoriais;5569
Instituições Extraterritoriais;5570
Instituições Extraterritoriais;5571
Instituições Extraterritoriais;5572
Instituições Extraterritoriais;5573
Instituições Extraterritoriais;5574
Instituições Extraterritoriais;5575
Instituições Extraterritoriais;5576
Instituições Extraterritoriais;5577
Instituições Extraterritoriais;5578
Instituições Extraterritoriais;5579
Instituições Extraterritoriais;5580
Instituições Extraterritoriais;5581
Instituições Extraterritoriais;5582
Instituições Extraterritoriais;5583
Instituições Extraterritoriais;5584
Instituições Extraterritoriais;5585
Instituições Extraterritoriais;5586
Instituições Extraterritoriais;5587
Instituições Extraterritoriais;5588
Instituições Extraterritoriais;5589
Instituições Extraterritoriais;5590
Instituições Extraterritoriais;5591
Instituições Extraterritoriais;5592
Instituições Extraterritoriais;5593
Instituições Extraterritoriais;5594
Instituições Extraterritoriais;5595
Instituições Extraterritoriais;5596
Instituições Extraterritoriais;5597
Instituições Extraterritoriais;5598
Instituições Extraterritoriais;5599
Instituições Extraterritoriais;5600
Instituições Extraterritoriais;5601
Instituições Extraterritoriais;5602
Instituições Extraterritoriais;5603
Instituições Extraterritoriais;5604
Instituições Extraterritoriais;5605
Instituições Extraterritoriais;5606
Instituições Extraterritoriais;5607
Instituições Extraterritoriais;5608
Instituições Extraterritoriais;5609
Instituições Extraterritoriais;5610
Instituições Extraterritoriais;5611
Instituições Extraterritoriais;5612
Instituições Extraterritoriais;5613
Instituições Extraterritoriais;5614
Instituições Extraterritoriais;5615
Instituições Extraterritoriais;5616
Instituições Extraterritoriais;5617
Instituições Extraterritoriais;5618
Instituições Extraterritoriais;5619
Instituições Extraterritoriais;5620
Instituições Extraterritoriais;5621
Instituições Extraterritoriais;5622
Instituições Extraterritoriais;5623
Instituições Extraterritoriais;5624
Instituições Extraterritoriais;5625
Instituições Extraterritoriais;5626
Instituições Extraterritoriais;5627
Instituições Extraterritoriais;5628
Instituições Extraterritoriais;5629
Instituições Extraterritoriais;5630
Instituições Extraterritoriais;5631
Instituições Extraterritoriais;5632
Instituições Extraterritoriais;5633
Instituições Extraterritoriais;5634
Instituições Extraterritoriais;5635
Instituições Extraterritoriais;5636
Instituições Extraterritoriais;5637
Instituições Extraterritoriais;5638
Instituições Extraterritoriais;5639
Instituições Extraterritoriais;5640
Instituições Extraterritoriais;5641
Instituições Extraterritoriais;5642
Instituições Extraterritoriais;5643
Instituições Extraterritoriais;5644
Instituições Extraterritoriais;5645
Instituições Extraterritoriais;5646
Instituições Extraterritoriais;5647
Instituições Extraterritoriais;5648
Instituições Extraterritoriais;5649
Instituições Extraterritoriais;5650
Instituições Extraterritoriais;5651
Instituições Extraterritoriais;5652
Instituições Extraterritoriais;5653
Instituições Extraterritoriais;5654
Instituições Extraterritoriais;5655
Instituições Extraterritoriais;5656
Instituições Extraterritoriais;5657
Instituições Extraterritoriais;5658
Instituições Extraterritoriais;5659
Instituições Extraterritoriais;5660
Instituições Extraterritoriais;5661
Instituições Extraterritoriais;5662
Instituições Extraterritoriais;5663
Instituições Extraterritoriais;5664
Instituições Extraterritoriais;5665
Instituições Extraterritoriais;5666
Instituições Extraterritoriais;5667
Instituições Extraterritoriais;5668
Instituições Extraterritoriais;5669
Instituições Extraterritoriais;5670
Instituições Extraterritoriais;5671
Instituições Extraterritoriais;5672
Instituições Extraterritoriais;5673
Instituições Extraterritoriais;5674
Instituições Extraterritoriais;5675
Instituições Extraterritoriais;5676
Instituições Extraterritoriais;5677
Instituições Extraterritoriais;5678
Instituições Extraterritoriais;5679
Instituições Extraterritoriais;5680
Instituições Extraterritoriais;5681
Instituições Extraterritoriais;5682
Instituições Extraterritoriais;5683
Instituições Extraterritoriais;5684
Instituições Extraterritoriais;5685
Instituições Extraterritoriais;5686
Instituições Extraterritoriais;5687
Instituições Extraterritoriais;5688
Instituições Extraterritoriais;5689
Instituições Extraterritoriais;5690
Instituições Extraterritoriais;5691
Instituições Extraterritoriais;5692
Instituições Extraterritoriais;5693
Instituições Extraterritoriais;5694
Instituições Extraterritoriais;5695
Instituições Extraterritoriais;5696
Instituições Extraterritoriais;5697
Instituições Extraterritoriais;5698
Instituições Extraterritoriais;5699
Instituições Extraterritoriais;5700
Instituições Extraterritoriais;5701
Instituições Extraterritoriais;5702
Instituições Extraterritoriais;5703
Instituições Extraterritoriais;5704
Instituições Extraterritoriais;5705
Instituições Extraterritoriais;5706
Instituições Extraterritoriais;5707
Instituições Extraterritoriais;5708
Instituições Extraterritoriais;5709
Instituições Extraterritoriais;5710
Instituições Extraterritoriais;5711
Instituições Extraterritoriais;5712
Instituições Extraterritoriais;5713
Instituições Extraterritoriais;5714
Instituições Extraterritoriais;5715
Instituições Extraterritoriais;5716
Instituições Extraterritoriais;5717
Instituições Extraterritoriais;5718
Instituições Extraterritoriais;5719
Instituições Extraterritoriais;5720
Instituições Extraterritoriais;5721
Instituições Extraterritoriais;5722
Instituições Extraterritoriais;5723
Instituições Extraterritoriais;5724
Instituições Extraterritoriais;5725
Instituições Extraterritoriais;5726
Instituições Extraterritoriais;5727
Instituições Extraterritoriais;5728
Instituições Extraterritoriais;5729
Instituições Extraterritoriais;5730
Instituições Extraterritoriais;5731
Instituições Extraterritoriais;5732
Instituições Extraterritoriais;5733
Instituições Extraterritoriais;5734
Instituições Extraterritoriais;5735
Instituições Extraterritoriais;5736
Instituições Extraterritoriais;5737
Instituições Extraterritoriais;5738
Instituições Extraterritoriais;5739
Instituições Extraterritoriais;5740
Instituições Extraterritoriais;5741
Instituições Extraterritoriais;5742
Instituições Extraterritoriais;5743
Instituições Extraterritoriais;5744
Instituições Extraterritoriais;5745
Instituições Extraterritoriais;5746
Instituições Extraterritoriais;5747
Instituições Extraterritoriais;5748
Instituições Extraterritoriais;5749
Instituições Extraterritoriais;5750
Instituições Extraterritoriais;5751
Instituições Extraterritoriais;5752
Instituições Extraterritoriais;5753
Instituições Extraterritoriais;5754
Instituições Extraterritoriais;5755
Instituições Extraterritoriais;5756
Instituições Extraterritoriais;5757
Instituições Extraterritoriais;5758
Instituições Extraterritoriais;5759
Instituições Extraterritoriais;5760
Instituições Extraterritoriais;5761
Instituições Extraterritoriais;5762
Instituições Extraterritoriais;5763
Instituições Extraterritoriais;5764
Instituições Extraterritoriais;5765
Instituições Extraterritoriais;5766
Instituições Extraterritoriais;5767
Instituições Extraterritoriais;5768
Instituições Extraterritoriais;5769
Instituições Extraterritoriais;5770
Instituições Extraterritoriais;5771
Instituições Extraterritoriais;5772
Instituições Extraterritoriais;5773
Instituições Extraterritoriais;5774
Instituições Extraterritoriais;5775
Instituições Extraterritoriais;5776
Instituições Extraterritoriais;5777
Instituições Extraterritoriais;5778
Instituições Extraterritoriais;5779
Instituições Extraterritoriais;5780
Instituições Extraterritoriais;5781
Instituições Extraterritoriais;5782
Instituições Extraterritoriais;5783
Instituições Extraterritoriais;5784
Instituições Extraterritoriais;5785
Instituições Extraterritoriais;5786
Instituições Extraterritoriais;5787
Instituições Extraterritoriais;5788
Instituições Extraterritoriais;5789
Instituições Extraterritoriais;5790
Instituições Extraterritoriais;5791
Instituições Extraterritoriais;5792
Instituições Extraterritoriais;5793
Instituições Extraterritoriais;5794
Instituições Extraterritoriais;5795
Instituições Extraterritoriais;5796
Instituições Extraterritoriais;5797
Instituições Extraterritoriais;5798
Instituições Extraterritoriais;5799
Instituições Extraterritoriais;5800
Instituições Extraterritoriais;5801
Instituições Extraterritoriais;5802
Instituições Extraterritoriais;5803
Instituições Extraterritoriais;5804
Instituições Extraterritoriais;5805
Instituições Extraterritoriais;5806
Instituições Extraterritoriais;5807
Instituições Extraterritoriais;5808
Instituições Extraterritoriais;5809
Instituições Extraterritoriais;5810
Instituições Extraterritoriais;5811
Instituições Extraterritoriais;5812
Instituições Extraterritoriais;5813
Instituições Extraterritoriais;5814
Instituições Extraterritoriais;5815
Instituições Extraterritoriais;5816
Instituições Extraterritoriais;5817
Instituições Extraterritoriais;5818
Instituições Extraterritoriais;5819
Instituições Extraterritoriais;5820
Instituições Extraterritoriais;5821
Instituições Extraterritoriais;5822
Instituições Extraterritoriais;5823
Instituições Extraterritoriais;5824
Instituições Extraterritoriais;5825
Instituições Extraterritoriais;5826
Instituições Extraterritoriais;5827
Instituições Extraterritoriais;5828
Instituições Extraterritoriais;5829
Instituições Extraterritoriais;5830
Instituições Extraterritoriais;5831
Instituições Extraterritoriais;5832
Instituições Extraterritoriais;5833
Instituições Extraterritoriais;5834
Instituições Extraterritoriais;5835
Instituições Extraterritoriais;5836
Instituições Extraterritoriais;5837
Instituições Extraterritoriais;5838
Instituições Extraterritoriais;5839
Instituições Extraterritoriais;5840
Instituições Extraterritoriais;5841
Instituições Extraterritoriais;5842
Instituições Extraterritoriais;5843
Instituições Extraterritoriais;5844
Instituições Extraterritoriais;5845
Instituições Extraterritoriais;5846
Instituições Extraterritoriais;5847
Instituições Extraterritoriais;5848
Instituições Extraterritoriais;5849
Instituições Extraterritoriais;5850
Instituições Extraterritoriais;5851
Instituições Extraterritoriais;5852
Instituições Extraterritoriais;5853
Instituições Extraterritoriais;5854
Instituições Extraterritoriais;5855
Instituições Extraterritoriais;5856
Instituições Extraterritoriais;5857
Instituições Extraterritoriais;5858
Instituições Extraterritoriais;5859
Instituições Extraterritoriais;5860
Instituições Extraterritoriais;5861
Instituições Extraterritoriais;5862
Instituições Extraterritoriais;5863
Instituições Extraterritoriais;5864
Instituições Extraterritoriais;5865
Instituições Extraterritoriais;5866
Instituições Extraterritoriais;5867
Instituições Extraterritoriais;5868
Instituições Extraterritoriais;5869
Instituições Extraterritoriais;5870
Instituições Extraterritoriais;5871
Instituições Extraterritoriais;5872
Instituições Extraterritoriais;5873
Instituições Extraterritoriais;5874
Instituições Extraterritoriais;5875
Instituições Extraterritoriais;5876
Instituições Extraterritoriais;5877
Instituições Extraterritoriais;5878
Instituições Extraterritoriais;5879
Instituições Extraterritoriais;5880
Instituições Extraterritoriais;5881
Instituições Extraterritoriais;5882
Instituições Extraterritoriais;5883
Instituições Extraterritoriais;5884
Instituições Extraterritoriais;5885
Instituições Extraterritoriais;5886
Instituições Extraterritoriais;5887
Instituições Extraterritoriais;5888
Instituições Extraterritoriais;5889
Instituições Extraterritoriais;5890
Instituições Extraterritoriais;5891
Instituições Extraterritoriais;5892
Instituições Extraterritoriais;5893
Instituições Extraterritoriais;5894
Instituições Extraterritoriais;5895
Instituições Extraterritoriais;5896
Instituições Extraterritoriais;5897
Instituições Extraterritoriais;5898
Instituições Extraterritoriais;5899
Instituições Extraterritoriais;5900
Instituições Extraterritoriais;5901
Instituições Extraterritoriais;5902
Instituições Extraterritoriais;5903
Instituições Extraterritoriais;5904
Instituições Extraterritoriais;5905
Instituições Extraterritoriais;5906
Instituições Extraterritoriais;5907
Instituições Extraterritoriais;5908
Instituições Extraterritoriais;5909
Instituições Extraterritoriais;5910
Instituições Extraterritoriais;5911
Instituições Extraterritoriais;5912
Instituições Extraterritoriais;5913
Instituições Extraterritoriais;5914
Instituições Extraterritoriais;5915
Instituições Extraterritoriais;5916
Instituições Extraterritoriais;5917
Instituições Extraterritoriais;5918
Instituições Extraterritoriais;5919
Instituições Extraterritoriais;5920
Instituições Extraterritoriais;5921
Instituições Extraterritoriais;5922
Instituições Extraterritoriais;5923
Instituições Extraterritoriais;5924
Instituições Extraterritoriais;5925
Instituições Extraterritoriais;5926
Instituições Extraterritoriais;5927
Instituições Extraterritoriais;5928
Instituições Extraterritoriais;5929
Instituições Extraterritoriais;5930
Instituições Extraterritoriais;5931
Instituições Extraterritoriais;5932
Instituições Extraterritoriais;5933
Instituições Extraterritoriais;5934
Instituições Extraterritoriais;5935
Instituições Extraterritoriais;5936
Instituições Extraterritoriais;5937
Instituições Extraterritoriais;5938
Instituições Extraterritoriais;5939
Instituições Extraterritoriais;5940
Instituições Extraterritoriais;5941
Instituições Extraterritoriais;5942
Instituições Extraterritoriais;5943
Instituições Extraterritoriais;5944
Instituições Extraterritoriais;5945
Instituições Extraterritoriais;5946
Instituições Extraterritoriais;5947
Instituições Extraterritoriais;5948
Instituições Extraterritoriais;5949
Instituições Extraterritoriais;5950
Instituições Extraterritoriais;5951
Instituições Extraterritoriais;5952
Instituições Extraterritoriais;5953
Instituições Extraterritoriais;5954
Instituições Extraterritoriais;5955
Instituições Extraterritoriais;5956
Instituições Extraterritoriais;5957
Instituições Extraterritoriais;5958
Instituições Extraterritoriais;5959
Instituições Extraterritoriais;5960
Instituições Extraterritoriais;5961
Instituições Extraterritoriais;5962
Instituições Extraterritoriais;5963
Instituições Extraterritoriais;5964
Instituições Extraterritoriais;5965
Instituições Extraterritoriais;5966
Instituições Extraterritoriais;5967
Instituições Extraterritoriais;5968
Instituições Extraterritoriais;5969
Instituições Extraterritoriais;5970
Instituições Extraterritoriais;5971
Instituições Extraterritoriais;5972
Instituições Extraterritoriais;5973
Instituições Extraterritoriais;5974
Instituições Extraterritoriais;5975
Instituições Extraterritoriais;5976
Instituições Extraterritoriais;5977
Instituições Extraterritoriais;5978
Instituições Extraterritoriais;5979
Instituições Extraterritoriais;5980
Instituições Extraterritoriais;5981
Instituições Extraterritoriais;5982
Instituições Extraterritoriais;5983
Instituições Extraterritoriais;5984
Instituições Extraterritoriais;5985
Instituições Extraterritoriais;5986
Instituições Extraterritoriais;5987
Instituições Extraterritoriais;5988
Instituições Extraterritoriais;5989
Instituições Extraterritoriais;5990
Instituições Extraterritoriais;5991
Instituições Extraterritoriais;5992
Instituições Extraterritoriais;5993
Instituições Extraterritoriais;5994
Instituições Extraterritoriais;5995
Instituições Extraterritoriais;5996
Instituições Extraterritoriais;5997
Instituições Extraterritoriais;5998
Instituições Extraterritoriais;5999
Não especificado ou ignorado;0000
