value;cod
NÃO INFORMADO;0000
NÃO INFORMADO;0000
ACONA (WAKONAS, NACONAS, JAKONA, ACORA­NES);0001
AIKANA (AIKANA, MAS SAKA,TUBARAO);0002
AJURU;0003
AKUNSU (AKUNT'SU);0004
AMANAYE;0005
AMONDAWA;0006
ANAMBE;0007
APARAI (APALAI);0008
APIAKA (APIACA);0009
APINAYE (APINAJE/APINAIE/APINAGE);0010
APURINA (APORINA, IPURINA, IPURINA, IPURI­NAN);0011
ARANA (ARACUAI DO VALE DO JEQUITINHONHA);0012
ARAPASO (ARAPACO);0013
ARARA DE RONDONIA (KARO, URUCU, URUKU);0014
ARARA DO ACRE (SHAWANAUA, AMAWAKA);0015
ARARA DO ARIPUANA (ARARA DO BEIRADAO/ARI­PUANA);0016
ARARA DO PARA (UKARAGMA, UKARAMMA);0017
ARAWETE (ARAUETE);0018
ARIKAPU (ARICAPU, ARIKAPO, MASUBI, MAXUBI);0019
ARIKEM (ARIQUEN, ARIQUEME, ARIKEME);0020
ARIKOSE (ARICOBE);0021
ARUA;0022
ARUAK (ARAWAK);0023
ASHANINKA (KAMPA);0024
ASURINI DO TOCANTINS (AKUAWA/AKWAWA);0025
ASURINI DO XINGU (AWAETE);0026
ATIKUM (ATICUM);0027
AVA - CANOEIRO;0028
AWETI (AUETI/AUETO);0029
BAKAIRI (KURA, BACAIRI);0030
BANAWA YAFI (BANAWA, BANAWA-JAFI);0031
BANIWA (BANIUA, BANIVA, WALIMANAI, WAKUE­NAI);0032
BARA (WAIPINOMAKA);0033
BARASANA (HANERA);0034
BARE;0035
BORORO (BOE);0036
BOTOCUDO (GEREN);0037
CANOE;0038
CASSUPA;0039
CHAMACOCO;0040
CHIQUITANO (XIQUITANO);0041
CIKIYANA (SIKIANA);0042
CINTA LARGA (MATETAMAE);0043
COLUMBIARA (CORUMBIARA);0044
DENI;0045
DESANA (DESANA, DESANO, DESSANO, WIRA, UMUKOMASA);0046
DIAHUI (JAHOI, JAHUI, DIARROI);0047
ENAWENE-NAWE (SALUMA);0048
FULNI-O;0049
GALIBI (GALIBI DO OIAPOQUE, KARINHA);0050
GALIBI MARWORNO (GALIBI DO UACA, ARUA);0051
GAVIAO DE RONDONIA (DIGUT);0052
GAVIAO KRIKATEJE;0053
GAVIAO PARKATEJE (PARKATEJE);0054
GAVIAO PUKOBIE (PUKOBIE, PYKOPJE, GAVIAO DO MARANH;0055
GUAJA (AWA, AVA);0056
GUAJAJARA (TENETEHARA);0057
GUARANI KAIOWA (PAI TAVYTERA);0058
GUARANI M'BYA;0059
GUARANI NANDEVA (AVAKATUETE, CHIRIPA, NHANDEWA, AV;0060
GUATO;0061
HIMARIMA (HIMERIMA);0062
INGARIKO (INGARICO, AKAWAIO, KAPON);0063
IRANXE (IRANTXE);0064
ISSE;0065
JABOTI (JABUTI, KIPIU, YABYTI);0066
JAMAMADI (YAMAMADI, DJEOROMITXI);0067
JARAWARA;0068
JIRIPANCO (JERIPANCO, GERIPANCO);0069
JUMA (YUMA);0070
JURUNA;0071
JURUTI (YURITI);0072
KAAPOR (URUBU-KAAPOR, KA'APOR, KAAPORTE);0073
KADIWEU (CADUVEO, CADIUEU);0074
KAIABI (CAIABI, KAYABI);0075
KAIMBE (CAIMBE);0076
KAINGANG (CAINGANGUE);0077
KAIXANA (CAIXANA);0078
KALABASSA (CALABASSA, CALABACAS);0079
KALANCO;0080
KALAPALO (CALAPALO);0081
KAMAYURA (CAMAIURA, KAMAIURA);0082
KAMBA (CAMBA);0083
KAMBEBA (CAMBEBA, OMAGUA);0084
KAMBIWA (CAMBIUA);0085
KAMBIWA PIPIPA (PIPIPA);0086
KAMPE;0087
KANAMANTI (KANAMATI, CANAMANTI);0088
KANAMARI (CANAMARI, KANAMARY, TUKUNA);0089
KANELA APANIEKRA (CANELA);0090
KANELA RANKOKAMEKRA (CANELA);0091
KANINDE;0092
KANOE (CANOE);0093
KANTARURE (CANTARURE);0094
KAPINAWA (CAPINAUA);0095
KARAJA (CARAJA);0096
KARAJA/JAVAE (JAVAE);0097
KARAJA/XAMBIOA (KARAJA DO NORTE);0098
KARAPANA (CARAPANA, MUTEAMASA, UKOPINO­PONA);0099
KARAPOTO (CARAPOTO);0100
KARIPUNA (CARIPUNA);0101
KARIPUNA DO AMAPA (CARIPUNA);0102
KARIRI (CARIRI);0103
KARIRI-XOCO (CARIRI-CHOCO);0104
KARITIANA (CARITIANA);0105
KATAWIXI (KATAUIXI,KATAWIN, KATAWISI, CATAUICHI);0106
KATUENA (CATUENA, KATWENA);0107
KATUKINA (PEDA DJAPA);0108
KATUKINA DO ACRE;0109
KAXARARI (CAXARARI);0110
KAXINAWA (HUNI-KUIN, CASHINAUA, CAXINAUA);0111
KAXIXO;0112
KAXUYANA (CAXUIANA);0113
KAYAPO (CAIAPO);0114
KAYAPO KARARAO (KARARAO);0115
KAYAPO TXUKAHAMAE (TXUKAHAMAE);0116
KAYAPO XICRIM (XIKRIN);0117
KAYUISANA (CAIXANA, CAUIXANA, KAIXANA);0118
KINIKINAWA (GUAN, KOINUKOEN, KINIKINAO);0119
KIRIRI;0120
KOCAMA (COCAMA, KOKAMA);0121
KOKUIREGATEJE;0122
KORUBO;0123
KRAHO (CRAO, KRAO);0124
KREJE (KRENYE);0125
KRENAK (BORUN, CRENAQUE);0126
KRIKATI (KRINKATI);0127
KUBEO (CUBEO, COBEWA, KUBEWA, PAMIWA, CU­BEU);0128
KUIKURO (KUIKURU, CUICURO);0129
KUJUBIM (KUYUBI, CUJUBIM);0130
KULINA PANO (CULINA);0131
KULINA/MADIHA (CULINA, MADIJA, MADIHA);0132
KURIPAKO (CURIPACO, CURRIPACO, CORIPACO, WAKUENAI);0133
KURUAIA (CURUAIA);0134
KWAZA (COAIA, KOAIA);0135
MACHINERI (MANCHINERI, MANXINERI);0136
MACURAP (MAKURAP);0137
MAKU DOW (DOW);0138
MAKU HUPDA (HUPDA);0139
MAKU NADEB (NADEB);0140
MAKU YUHUPDE (YUHUPDE);0141
MAKUNA (MACUNA, YEBA-MASA);0142
MAKUXI (MACUXI, MACHUSI, PEMON);0143
MARIMAM (MARIMA);0144
MARUBO;0145
MATIPU;0146
MATIS;0147
MATSE (MAYORUNA);0148
MAXAKALI (MAXACALI);0149
MAYA (MAYA);0150
MAYTAPU;0151
MEHINAKO (MEINAKU, MEINACU);0152
MEKEN (MEQUEM, MEKHEM, MICHENS);0153
MENKY (MYKY, MUNKU, MENKI, MYNKY);0154
MIRANHA (MIRANHA, MIRANA);0155
MIRITI TAPUIA (MIRITI-TAPUYA, BUIA-TAPUYA);0156
MUNDURUKU (MUNDURUCU);0157
MURA;0158
NAHUKWA (NAFUQUA);0159
NAMBIKWARA DO CAMPO (HALOTESU, KITHAULU, WAKALITES;0160
NAMBIKWARA DO NORTE (NEGAROTE ,MAMAIN­DE, LATUNDE,;0161
NAMBIKWARA DO SUL (WASUSU ,HAHAINTESU, ALANTESU, W;0162
NARAVUTE (NARUVOTO);0163
NAWA (NAUA);0164
NUKINI (NUQUINI, NUKUINI);0165
OFAIE (OFAYE-XAVANTE);0166
ORO WIN;0167
PAIAKU (JENIPAPO-KANINDE);0168
PAKAA NOVA (WARI, PACAAS NOVOS);0169
PALIKUR (AUKWAYENE, AUKUYENE, PALIKU'ENE);0170
PANARA (KRENHAKARORE , KRENAKORE, KRENA­KARORE);0171
PANKARARE (PANCARARE);0172
PANKARARU (PANCARARU);0173
PANKARARU KALANKO (KALANKO);0174
PANKARARU KARUAZU (KARUAZU);0175
PANKARU (PANCARU);0176
PARAKANA (PARACANA, APITEREWA, AWAETE);0177
PARECI (PARESI, HALITI);0178
PARINTINTIN;0179
PATAMONA (KAPON);0180
PATAXO;0181
PATAXO HA-HA-HAE;0182
PAUMARI (PALMARI);0183
PAUMELENHO;0184
PIRAHA (MURA PIRAHA);0185
PIRATUAPUIA (PIRATAPUYA, PIRATAPUYO, PIRA­TAPUYA,;0186
PITAGUARI;0187
POTIGUARA;0188
POYANAWA (POIANAUA);0189
RIKBAKTSA (CANOEIROS, ERIGPAKTSA);0190
SAKURABIAT (MEKENS, SAKIRABIAP, SAKIRABIAR);0191
SATERE-MAWE (SATERE-MAUE);0192
SHANENAWA (KATUKINA);0193
SIRIANO (SIRIA-MASA);0194
SURIANA;0195
SURUI DE RONDONIA (PAITER);0196
SURUI DO PARA (AIKEWARA);0197
SUYA (SUIA/KISEDJE);0198
TAPAYUNA (BEICO-DE-PAU);0199
TAPEBA;0200
TAPIRAPE (TAPI'IRAPE);0201
TAPUIA (TAPUIA-XAVANTE, TAPUIO);0202
TARIANO (TARIANA, TALIASERI);0203
TAUREPANG (TAULIPANG, PEMON, AREKUNA, PA­GEYN);0204
TEMBE;0205
TENHARIM;0206
TERENA;0207
TICUNA (TIKUNA, TUKUNA, MAGUTA);0208
TINGUI BOTO;0209
TIRIYO EWARHUYANA (TIRIYO, TRIO, TARONA, YAWI, PIA;0210
TIRIYO KAH'YANA (TIRIYO, TRIO, TARONA, YAWI, PIANO;0211
TIRIYO TSIKUYANA (TIRIYO, TRIO, TARONA, YAWI, PIAN;0212
TORA;0213
TREMEMBE;0214
TRUKA;0215
TRUMAI;0216
TSOHOM DJAPA (TSUNHUM-DJAPA);0217
TUKANO (TUCANO, YE'PA-MASA, DASEA);0218
TUMBALALA;0219
TUNAYANA;0220
TUPARI;0221
TUPINAMBA;0222
TUPINIQUIM;0223
TURIWARA;0224
TUXA;0225
TUYUKA (TUIUCA, DOKAPUARA, UTAPINOMAKA­PHONA);0226
TXIKAO (TXICAO, IKPENG);0227
UMUTINA (OMOTINA, BARBADOS);0228
URU-EU-WAU-WAU (URUEU-UAU-UAU, URUPAIN, URUPA);0229
WAI WAI HIXKARYANA (HIXKARYANA);0230
WAI WAI KARAFAWYANA (KARAFAWYANA, KARA­PAWYANA);0231
WAI WAI XEREU (XEREU);0232
WAI WAI KATUENA (KATUENA);0233
WAI WAI MAWAYANA (MAWAYANA);0234
WAIAPI (WAYAMPI, OYAMPI, WAYAPY, );0235
WAIMIRI ATROARI (KINA);0236
WANANO (UANANO, WANANA);0237
WAPIXANA (UAPIXANA, VAPIDIANA, WAPISIANA, WAPISHAN;0238
WAREKENA (UAREQUENA, WEREKENA);0239
WASSU;0240
WAURA (UAURA, WAUJA);0241
WAYANA (WAIANA, UAIANA);0242
WITOTO (UITOTO, HUITOTO);0243
XAKRIABA (XACRIABA);0244
XAVANTE (A'UWE, AKWE, AWEN, AKWEN);0245
XERENTE (AKWE, AWEN, AKWEN);0246
XETA;0247
XIPAIA (SHIPAYA, XIPAYA);0248
XOKLENG (SHOKLENG, XOCLENG);0249
XOKO (XOCO, CHOCO);0250
XUKURU (XUCURU);0251
XUKURU KARIRI (XUCURU-KARIRI);0252
YAIPIYANA;0253
YAMINAWA (JAMINAWA, IAMINAWA);0254
YANOMAMI NINAM (IANOMAMI, IANOAMA, XIRIA­NA);0255
YANOMAMI SANUMA (IANOMAMI, IANOAMA, XI­RIANA);0256
YANOMAMI YANOMAM (IANOMAMI, IANOAMA, XI­RIANA);0257
YAWALAPITI (IAUALAPITI);0258
YAWANAWA (IAUANAUA);0259
YEKUANA (MAIONGON, YE'KUANA, YEKWANA, MAYONGONG);0260
YUDJA (JURUNA, YURUNA);0261
ZO'E (POTURU);0262
ZORO (PAGEYN);0263
ZURUAHA (SOROWAHA, SURUWAHA);0264
