value;cod
Abissinia;170
Acores;171
Afar frances;172
Afeganistao;241
Albania;093
Alemanha;030
Alto volta;174
Andorra;094
Angola;175
Antartica francesa;334
Antartico argentino;337
Antartico britanico, territorio;333
Antartico chileno;336
Antartico noruegues;338
Antigua e. dep. barbuda;028
Antilhas holandesas;029
Apatrida;339
Arabia saudita;242
Argelia;176
Argentina;021
Armenia;347
Arquipelago de bismark;289
Arquipelago manahiki;285
Arquipelago midway;286
Aruba;033
Ascensao e tristao da cunha,is;198
Ashmore e cartier;287
Australia;288
Austria;095
Azerbaijao;138
Bahrein;243
Bangladesh;342
Barbados;044
Bashkista;139
Bechuanalandia;177
Belgica;031
Belize;046
Benin;178
Bermudas;083
Bhutan;246
Birmania;244
Bolivia;022
Bosnia herzegovina;134
Botsuana;179
Brasil;010
Brunei;245
Bulgaria;096
Burkina fasso;238
Burundi;180
Buryat;141
Cabo verde;343
Camaroes;181
Canada;034
Carelia;142
Catar;247
Cazaquistao;143
Ceilao;248
Ceuta e melilla;182
Chade;183
Chechen ingusth;144
Chile;023
China;042
China (taiwan);249
Chipre;097
Chuvash;145
Cingapura;275
Colombia;026
Comunidade das bahamas;040
Comunidade dominicana;054
Congo;185
Coreia;043
Costa do marfim;186
Costa rica;051
Coveite;250
Croacia;130
Cuba;052
Curacao;053
Dagesta;146
Daome;187
Dependencia de ross;340
Dinamarca;098
Djibuti;188
Eire;099
Emirados arabes unidos;251
Equador;027
Escocia;100
Eslovaquia;136
Eslovenia;132
Espanha;035
Estado da cidade do vaticano;129
Estados assoc. das antilhas;057
Estados unidos da america (eua);036
Estonia;147
Etiopia;190
Filipinas;252
Finlandia;102
Franca;037
Gambia;192
Gana;193
Gaza;194
Georgia;148
Gibraltar;103
Gorno altai;149
Gra-bretanha;032
Granada;059
Grecia;104
Groenlandia;084
Guam;292
Guatemala;061
Guiana francesa;087
Guine;195
Guine bissau;344
Guine equatorial;196
Holanda;105
Honduras;064
Honduras britanicas;063
Hong-kong;253
Hungria;106
Iemen;254
Iemen do sul;345
Ifni;197
Ilha johnston e sand;300
Ilha milhos;069
Ilhas baker;293
Ilhas baleares;107
Ilhas canarias;199
Ilhas cantao e enderburg;294
Ilhas carolinas;295
Ilhas christmas;297
Ilhas comores;184
Ilhas cook;290
Ilhas cosmoledo (lomores);108
Ilhas de man;117
Ilhas do canal;109
Ilhas do pacifico;296
Ilhas falklands;058
Ilhas faroes;101
Ilhas gilbert;298
Ilhas guadalupe;060
Ilhas howland e jarvis;299
Ilhas kingman reef;301
Ilhas linha;313
Ilhas macdonal e heard;305
Ilhas macquaire;302
Ilhas malvinas;067
Ilhas marianas;303
Ilhas marshall;304
Ilhas niue;306
Ilhas norfolk;307
Ilhas nova caledonia;315
Ilhas novas hebridas;318
Ilhas palau;308
Ilhas pascoa;320
Ilhas pitcairin;321
Ilhas salomao;309
Ilhas santa cruz;326
Ilhas serranas;065
Ilhas tokelau;310
Ilhas turca;080
Ilhas turks e caicos;047
Ilhas virgens americanas;082
Ilhas virgens britanicas;081
Ilhas wake;311
Ilhas wallis e futuna;332
India;255
Indonesia;256
Inglaterra;110
Ira;257
Iraque;258
Irlanda;112
Irlanda do norte;111
Islandia;113
Israel;259
Italia;039
Iugoslavia;114
Jamaica;066
Japao;041
Jordania;260
Kabardino balkar;150
Kalimatan;312
Kalmir;151
Kara kalpak;346
Karachaevocherkess;152
Khakass;153
Kmer/camboja;261
Komi;154
Kuwait;262
Laos;263
Lesoto;200
Letonia;155
Libano;264
Liberia;201
Libia;202
Liechtenstein;115
Lituania;156
Luxemburgo;116
Macau;265
Madagascar;205
Madeira;203
Malasia;266
Malawi;204
Maldivas,is;267
Mali;206
Mari;157
Marrocos;207
Martinica;068
Mascate;268
Mauricio;208
Mauritania;209
Mexico;085
Mianma;284
Mocambique;210
Moldavia;158
Monaco;118
Mongolia;269
Monte serrat;070
Montenegro;137
Namibia;240
Nauru;314
Nepal;270
Nguane;211
Nicaragua;071
Nigeria;213
Noruega;119
Nova guine;316
Nova zelandia;317
Oman;271
Ossetia setentrional;159
Pais de gales;121
Paises baixos;122
Palestina;272
Panama;072
Panama(zona do canal);073
Papua nova guine;214
Paquistao;273
Paraguai;024
Peru;089
Polinesia francesa;322
Polonia;123
Porto rico;074
Portugal;045
Pracas norte africanas;215
Protetor do sudoeste africano;216
Quenia;217
Quirguistao;160
Quitasueno;075
Republica arabe do egito;189
Republica centro africana;218
Republica da africa do sul;173
Republica da bielorrussia;140
Republica da macedonia;133
Republica de el salvador;056
Republica de fiji;291
Republica de malta;120
Republica do gabao;191
Republica do haiti;062
Republica do niger;212
Republica dominicana;055
Republica guiana;088
Republica tcheca;135
Reservado;020
Reservado;048
Reservado;049
Reservado;050
Reuniao;219
Rodesia (zimbabwe);220
Romenia;124
Roncador;076
Ruanda;221
Ruiquiu,is;274
Russia;348
Saara espanhol;222
Sabah;323
Samoa americana;324
Samoa ocidental;325
San marino;125
Santa helena;223
Santa lucia;077
Sao cristovao;078
Sao tome e principe;224
Sao vicente;079
Sarawak;327
Senegal;349
Sequin;276
Serra leoa;226
Servia;131
Seychelles;225
Siria;277
Somalia, republica;227
Sri-lanka;278
St. pierre et miquelon;086
Suazilandia;228
Sudao;229
Suecia;126
Suica;038
Suriname;090
Svalbard e jan mayer,is;127
Tadjiquistao;161
Tailandia;279
Tanganica;230
Tanzania;350
Tartaria;162
Tchecoslovaquia;128
Terr. antartico da australia;335
Terras austrais;341
Territ. britanico do oceano indico;231
Territorio de cocos;328
Territorio de papua;319
Timor;329
Togo;233
Tonga;330
Transkei;232
Tregua, estado;280
Trinidad e tobago;091
Tunisia;234
Turcomenistao;163
Turquia;281
Tuvalu;331
Tuvin;164
Ucrania;165
Udmurt;166
Uganda;235
Uniao sovietica;167
Uruguai;025
Uzbequistao;168
Venezuela;092
Vietna do norte;282
Vietna do sul;283
Yakut;169
Zaire;236
Zambia;237
Zimbabwe;239
